英雄名,职业名,生命,攻击,智力,防御,魔防,技巧,铸纹生命,铸纹攻击,铸纹智力,铸纹防御,铸纹魔防,铸纹技巧,英雄头像
自定义英雄,自定义,0,0,0,0,0,0,0,0,0,0,0,0,./image/自定义英雄头像.png
席尔娜,遂梦之誓,3968,256,601,246,375,99,1000,30,150,90,90,20,https://patchwiki.biligame.com/images/langrisser/thumb/9/93/hvct06k8kdu0c96q4rlhu8r4dl9hm3e.png/82px-%E5%A4%B4%E5%83%8F_%E5%B8%AD%E5%B0%94%E5%A8%9C.png
席尔娜,梦之女王,4301,256,601,265,375,130,1000,30,150,90,90,20,https://patchwiki.biligame.com/images/langrisser/thumb/9/93/hvct06k8kdu0c96q4rlhu8r4dl9hm3e.png/82px-%E5%A4%B4%E5%83%8F_%E5%B8%AD%E5%B0%94%E5%A8%9C.png
霞,断命之天神,4201,560,244,315,280,252,1000,150,30,90,90,20,https://patchwiki.biligame.com/images/langrisser/thumb/f/f9/tj8949qu9hp81wfs0a1f7drkz4jcloz.png/82px-%E5%A4%B4%E5%83%8F_%E9%9C%9E.png
女天狗,缭乱的天狗姬,4406,607,222,307,329,161,1000,150,30,90,90,20,https://patchwiki.biligame.com/images/langrisser/thumb/4/42/964frpmeg6jke6pjbj6fgbo8y2frzmi.png/82px-%E5%A4%B4%E5%83%8F_%E5%A5%B3%E5%A4%A9%E7%8B%97.png
玛莉·萝丝,小恶魔女仆,4552,590,267,343,276,175,1000,150,30,90,90,20,https://patchwiki.biligame.com/images/langrisser/thumb/e/eb/fevue17g39g2z4udp8e9pzzgd4clj00.png/82px-%E5%A4%B4%E5%83%8F_%E7%8E%9B%E8%8E%89%C2%B7%E8%90%9D%E4%B8%9D.png
断翼鸟,暗夜君王,3852,569,251,299,292,269,1000,150,30,90,90,20,https://patchwiki.biligame.com/images/langrisser/thumb/b/ba/210e6my0do34oaij8jaqu6tufkbr95v.png/82px-%E5%A4%B4%E5%83%8F_%E6%96%AD%E7%BF%BC%E9%B8%9F.png
断翼鸟,风暴主宰,3852,569,251,269,318,239,1000,150,30,90,90,20,https://patchwiki.biligame.com/images/langrisser/thumb/b/ba/210e6my0do34oaij8jaqu6tufkbr95v.png/82px-%E5%A4%B4%E5%83%8F_%E6%96%AD%E7%BF%BC%E9%B8%9F.png
兰黛尔,深海复仇者,4159,270,580,278,365,175,1000,30,150,90,90,20,https://patchwiki.biligame.com/images/langrisser/thumb/0/02/0kxvd6qt2prpmshn7cncekdgn6oh2d8.png/82px-%E5%A4%B4%E5%83%8F_%E5%85%B0%E9%BB%9B%E5%B0%94.png
兰黛尔,匣梦枭魔,4492,244,580,313,353,175,1000,30,150,90,90,20,https://patchwiki.biligame.com/images/langrisser/thumb/0/02/0kxvd6qt2prpmshn7cncekdgn6oh2d8.png/82px-%E5%A4%B4%E5%83%8F_%E5%85%B0%E9%BB%9B%E5%B0%94.png
炎龙破灭者,炎狱掌控者,5187,580,271,415,261,90,1000,150,30,90,90,20,https://patchwiki.biligame.com/images/langrisser/thumb/1/13/42t300h4xv5633b2lobk5ynyamkemnr.png/82px-%E5%A4%B4%E5%83%8F_%E7%82%8E%E9%BE%99%E7%A0%B4%E7%81%AD%E8%80%85.png
炎龙破灭者,赤曜征服者,4853,580,247,383,272,121,1000,150,30,90,90,20,https://patchwiki.biligame.com/images/langrisser/thumb/1/13/42t300h4xv5633b2lobk5ynyamkemnr.png/82px-%E5%A4%B4%E5%83%8F_%E7%82%8E%E9%BE%99%E7%A0%B4%E7%81%AD%E8%80%85.png
冰渊凌御者,凌踏的冰爪,4523,253,589,326,291,180,1000,30,150,90,90,20,https://patchwiki.biligame.com/images/langrisser/thumb/f/f2/t3fjdf0fr55wlqgovst7j2jhm7gv4tn.png/82px-%E5%A4%B4%E5%83%8F_%E5%86%B0%E6%B8%8A%E5%87%8C%E5%BE%A1%E8%80%85.png
冰渊凌御者,御空的霜翼,4204,253,589,289,346,134,1000,30,150,90,90,20,https://patchwiki.biligame.com/images/langrisser/thumb/f/f2/t3fjdf0fr55wlqgovst7j2jhm7gv4tn.png/82px-%E5%A4%B4%E5%83%8F_%E5%86%B0%E6%B8%8A%E5%87%8C%E5%BE%A1%E8%80%85.png
萨芙琳,元素召灵使,3655,313,589,262,352,100,1000,30,150,90,90,20,https://patchwiki.biligame.com/images/langrisser/thumb/d/df/e9ivqvzu3r8ku72898koibsylmel1kt.png/82px-%E5%A4%B4%E5%83%8F_%E8%90%A8%E8%8A%99%E7%90%B3.png
萨芙琳,自然共鸣者,3958,313,589,280,326,150,1000,30,150,90,90,20,https://patchwiki.biligame.com/images/langrisser/thumb/d/df/e9ivqvzu3r8ku72898koibsylmel1kt.png/82px-%E5%A4%B4%E5%83%8F_%E8%90%A8%E8%8A%99%E7%90%B3.png
诺诺琳,海礁统帅,4786,588,249,335,281,158,1000,150,30,90,90,20,https://patchwiki.biligame.com/images/langrisser/thumb/9/99/5p344dpaefbqpwqkni0seubhzb0b5ju.png/82px-%E5%A4%B4%E5%83%8F_%E8%AF%BA%E8%AF%BA%E7%90%B3.png
诺诺琳,驭潮将星,4439,588,226,358,261,132,1000,150,30,90,90,20,https://patchwiki.biligame.com/images/langrisser/thumb/9/99/5p344dpaefbqpwqkni0seubhzb0b5ju.png/82px-%E5%A4%B4%E5%83%8F_%E8%AF%BA%E8%AF%BA%E7%90%B3.png
伊莉娅,巫师,3648,251,578,252,365,100,1000,30,150,90,90,20,https://patchwiki.biligame.com/images/langrisser/thumb/a/a4/5q14faikyvuydbdp5fw5itfydohjyqf.png/82px-%E5%A4%B4%E5%83%8F_%E4%BC%8A%E8%8E%89%E5%A8%85.png
伊莉娅,神运圣女,3814,278,578,282,342,131,1000,30,150,90,90,20,https://patchwiki.biligame.com/images/langrisser/thumb/a/a4/5q14faikyvuydbdp5fw5itfydohjyqf.png/82px-%E5%A4%B4%E5%83%8F_%E4%BC%8A%E8%8E%89%E5%A8%85.png
阿莉娅,圣者,3152,294,565,292,360,96,1000,30,150,90,90,20,https://patchwiki.biligame.com/images/langrisser/thumb/b/ba/t0mocyng59fwptx2yu94sg449mirukj.png/82px-%E5%A4%B4%E5%83%8F_%E9%98%BF%E8%8E%89%E5%A8%85.png
阿莉娅,神眷者,3446,270,565,271,360,96,1000,30,150,90,90,20,https://patchwiki.biligame.com/images/langrisser/thumb/b/ba/t0mocyng59fwptx2yu94sg449mirukj.png/82px-%E5%A4%B4%E5%83%8F_%E9%98%BF%E8%8E%89%E5%A8%85.png
恩雅,星之女王,3451,249,575,265,371,103,1000,30,150,90,90,20,https://patchwiki.biligame.com/images/langrisser/thumb/c/c8/26g7gy7spomnd0p2pcrl0datwjqnzcc.png/82px-%E5%A4%B4%E5%83%8F_%E6%81%A9%E9%9B%85.png
恩雅,永序之誓,3765,249,575,245,396,103,1000,30,150,90,90,20,https://patchwiki.biligame.com/images/langrisser/thumb/c/c8/26g7gy7spomnd0p2pcrl0datwjqnzcc.png/82px-%E5%A4%B4%E5%83%8F_%E6%81%A9%E9%9B%85.png
突击队长&天才婴儿,突击队长,4821,575,260,309,320,137,1000,150,30,90,90,20,https://patchwiki.biligame.com/images/langrisser/thumb/0/0e/073cdqpolgywlmb9b9z7czqqrq1k5md.png/82px-%E5%A4%B4%E5%83%8F_%E7%AA%81%E5%87%BB%E9%98%9F%E9%95%BF%26%E5%A4%A9%E6%89%8D%E5%A9%B4%E5%84%BF.png
突击队长&天才婴儿,天才婴儿,4501,575,260,335,285,163,1000,150,30,90,90,20,https://patchwiki.biligame.com/images/langrisser/thumb/0/0e/073cdqpolgywlmb9b9z7czqqrq1k5md.png/82px-%E5%A4%B4%E5%83%8F_%E7%AA%81%E5%87%BB%E9%98%9F%E9%95%BF%26%E5%A4%A9%E6%89%8D%E5%A9%B4%E5%84%BF.png
小刀马克&忍者Ginzu,忍者Ginzu,3902,560,247,299,268,341,1000,150,30,90,90,20,https://patchwiki.biligame.com/images/langrisser/thumb/5/59/q3l2cljquz47xjkfno8u0qeyya99of6.png/82px-%E5%A4%B4%E5%83%8F_%E5%B0%8F%E5%88%80%E9%A9%AC%E5%85%8B%26%E5%BF%8D%E8%80%85Ginzu.png
小刀马克&忍者Ginzu,小刀马克,4221,560,247,311,289,262,1000,150,30,90,90,20,https://patchwiki.biligame.com/images/langrisser/thumb/5/59/q3l2cljquz47xjkfno8u0qeyya99of6.png/82px-%E5%A4%B4%E5%83%8F_%E5%B0%8F%E5%88%80%E9%A9%AC%E5%85%8B%26%E5%BF%8D%E8%80%85Ginzu.png
席昂,剑士统帅,4968,594,237,322,289,145,1000,150,30,90,90,20,https://patchwiki.biligame.com/images/langrisser/thumb/f/f3/r66935ujhl8wtya0z3hm54h6fsqgwfm.png/30px-%E4%B8%BB%E8%A7%92%E5%85%89%E7%8E%AF.png
席昂,骑士统帅,4617,594,216,299,270,122,1000,150,30,90,90,20,https://patchwiki.biligame.com/images/langrisser/thumb/f/f3/r66935ujhl8wtya0z3hm54h6fsqgwfm.png/30px-%E4%B8%BB%E8%A7%92%E5%85%89%E7%8E%AF.png
阿尔法,剑士统帅,3933,579,256,321,253,154,1000,150,30,90,90,20,https://patchwiki.biligame.com/images/langrisser/thumb/2/21/s86wp4xdca7iq446l4f5achsmlqdng0.png/82px-%E5%A4%B4%E5%83%8F_%E9%98%BF%E5%B0%94%E6%B3%95.png
阿尔法,紫晶统帅,4863,579,233,357,220,172,1000,150,30,90,90,20,https://patchwiki.biligame.com/images/langrisser/thumb/2/21/s86wp4xdca7iq446l4f5achsmlqdng0.png/82px-%E5%A4%B4%E5%83%8F_%E9%98%BF%E5%B0%94%E6%B3%95.png
阿尔弗雷德,剑士统帅,4257,523,249,346,282,148,1000,150,30,90,90,20,https://patchwiki.biligame.com/images/langrisser/thumb/3/34/34xi9him8owdl7ttbanqd9vvno9fwnm.png/82px-%E5%A4%B4%E5%83%8F_%E9%98%BF%E5%B0%94%E5%BC%97%E9%9B%B7%E5%BE%B7.png
阿尔弗雷德,海骑统帅,4257,523,226,346,264,113,1000,150,30,90,90,20,https://patchwiki.biligame.com/images/langrisser/thumb/3/34/34xi9him8owdl7ttbanqd9vvno9fwnm.png/82px-%E5%A4%B4%E5%83%8F_%E9%98%BF%E5%B0%94%E5%BC%97%E9%9B%B7%E5%BE%B7.png
阿卡菲尔,孤高的超王,4105,260,590,291,340,110,1000,30,150,90,90,20,https://patchwiki.biligame.com/images/langrisser/thumb/f/fb/2ldtqpclh07gsveb2cer2gvh3tvslri.png/82px-%E5%A4%B4%E5%83%8F_%E9%98%BF%E5%8D%A1%E8%8F%B2%E5%B0%94.png
阿卡娅,西卡招魂师,3513,455,532,267,337,109,800,110,150,90,90,20,https://patchwiki.biligame.com/images/langrisser/thumb/1/16/3lhdby1p6vw5p1yyee42zd9255dk3ox.png/82px-%E5%A4%B4%E5%83%8F_%E9%98%BF%E5%8D%A1%E5%A8%85.png
阿卡娅,西卡圣女,3812,552,464,287,281,146,800,110,150,90,90,20,https://patchwiki.biligame.com/images/langrisser/thumb/1/16/3lhdby1p6vw5p1yyee42zd9255dk3ox.png/82px-%E5%A4%B4%E5%83%8F_%E9%98%BF%E5%8D%A1%E5%A8%85.png
阿雷斯,龙骑统帅,4096,599,228,305,321,187,1000,150,30,90,90,20,https://patchwiki.biligame.com/images/langrisser/thumb/3/3b/mb9qxlpelu6rgzc1lmvq5rmcvuuf6k7.png/82px-%E5%A4%B4%E5%83%8F_%E9%98%BF%E9%9B%B7%E6%96%AF.png
阿雷斯,皇帝,4415,567,249,329,286,168,1000,150,30,90,90,20,https://patchwiki.biligame.com/images/langrisser/thumb/3/3b/mb9qxlpelu6rgzc1lmvq5rmcvuuf6k7.png/82px-%E5%A4%B4%E5%83%8F_%E9%98%BF%E9%9B%B7%E6%96%AF.png
阿伦,大元帅,4800,418,233,350,186,103,1000,150,30,90,90,20,https://patchwiki.biligame.com/images/langrisser/thumb/1/10/9c0l90kr9zttp8czdlltjz1qzx5br5k.png/82px-%E5%A4%B4%E5%83%8F_%E9%98%BF%E4%BC%A6.png
阿玛迪斯,圣灵骁骑,4713,583,239,297,273,103,1000,150,30,90,90,20,https://patchwiki.biligame.com/images/langrisser/thumb/b/b8/5w5izrwm4nmcz0qpo775bko43rkch4z.png/82px-%E5%A4%B4%E5%83%8F_%E9%98%BF%E7%8E%9B%E8%BF%AA%E6%96%AF.png
阿玛迪斯,荒野骑将,4368,614,239,285,245,103,1000,150,30,90,90,20,https://patchwiki.biligame.com/images/langrisser/thumb/b/b8/5w5izrwm4nmcz0qpo775bko43rkch4z.png/82px-%E5%A4%B4%E5%83%8F_%E9%98%BF%E7%8E%9B%E8%BF%AA%E6%96%AF.png
阿瑞安赫德,枪之圣女,4846,557,241,344,251,159,1000,150,30,90,90,20,https://patchwiki.biligame.com/images/langrisser/thumb/1/15/jqpgbc2njjt1lidoco0xsckgia6cc90.png/82px-%E5%A4%B4%E5%83%8F_%E9%98%BF%E7%91%9E%E5%AE%89%E8%B5%AB%E5%BE%B7.png
阿瑞安赫德,钢之圣女,4207,557,265,307,341,159,1000,150,30,90,90,20,https://patchwiki.biligame.com/images/langrisser/thumb/1/15/jqpgbc2njjt1lidoco0xsckgia6cc90.png/82px-%E5%A4%B4%E5%83%8F_%E9%98%BF%E7%91%9E%E5%AE%89%E8%B5%AB%E5%BE%B7.png
埃格贝尔特,隐士,3651,307,444,275,329,86,1000,30,150,90,90,20,https://patchwiki.biligame.com/images/langrisser/thumb/1/1e/rxn6c3plhtfxlb53wvk71pknhlcm5e1.png/82px-%E5%A4%B4%E5%83%8F_%E5%9F%83%E6%A0%BC%E8%B4%9D%E5%B0%94%E7%89%B9.png
埃格贝尔特,黑暗统帅,3490,278,471,275,351,74,1000,30,150,90,90,20,https://patchwiki.biligame.com/images/langrisser/thumb/1/1e/rxn6c3plhtfxlb53wvk71pknhlcm5e1.png/82px-%E5%A4%B4%E5%83%8F_%E5%9F%83%E6%A0%BC%E8%B4%9D%E5%B0%94%E7%89%B9.png
艾尔玛,圣者,3595,333,462,278,361,85,1000,30,150,90,90,20,https://patchwiki.biligame.com/images/langrisser/thumb/c/c0/rgfd78lv4tzfw3lugbjfo6pwk85nyag.png/82px-%E5%A4%B4%E5%83%8F_%E8%89%BE%E5%B0%94%E7%8E%9B.png
艾尔玛,神使,3424,333,462,256,370,85,1000,30,150,90,90,20,https://patchwiki.biligame.com/images/langrisser/thumb/c/c0/rgfd78lv4tzfw3lugbjfo6pwk85nyag.png/82px-%E5%A4%B4%E5%83%8F_%E8%89%BE%E5%B0%94%E7%8E%9B.png
艾尔文,光龙统帅,5006,578,235,340,270,130,1000,150,30,90,90,20,https://patchwiki.biligame.com/images/langrisser/thumb/d/d5/5h0zrct11snd9ypj65q9li5peuazjk3.png/82px-%E5%A4%B4%E5%83%8F_%E8%89%BE%E5%B0%94%E6%96%87.png
艾尔文,英雄,4822,573,258,356,270,154,1000,150,30,90,90,20,https://patchwiki.biligame.com/images/langrisser/thumb/d/d5/5h0zrct11snd9ypj65q9li5peuazjk3.png/82px-%E5%A4%B4%E5%83%8F_%E8%89%BE%E5%B0%94%E6%96%87.png
艾尔文,大元帅,5129,544,235,378,217,116,1000,150,30,90,90,20,https://patchwiki.biligame.com/images/langrisser/thumb/d/d5/5h0zrct11snd9ypj65q9li5peuazjk3.png/82px-%E5%A4%B4%E5%83%8F_%E8%89%BE%E5%B0%94%E6%96%87.png
艾拉斯卓,狼骑统帅,3418,591,244,244,283,233,1000,150,30,90,90,20,https://patchwiki.biligame.com/images/langrisser/thumb/0/08/ctqol7xvm4dfuywj3fiu68r8aidbrqt.png/82px-%E5%A4%B4%E5%83%8F_%E8%89%BE%E6%8B%89%E6%96%AF%E5%8D%93.png
艾拉斯卓,游侠,3418,563,244,253,319,233,1000,150,30,90,90,20,https://patchwiki.biligame.com/images/langrisser/thumb/0/08/ctqol7xvm4dfuywj3fiu68r8aidbrqt.png/82px-%E5%A4%B4%E5%83%8F_%E8%89%BE%E6%8B%89%E6%96%AF%E5%8D%93.png
艾蕾因,剑圣,4154,605,274,318,301,243,1000,150,30,90,90,20,https://patchwiki.biligame.com/images/langrisser/thumb/7/75/aijtn25yaljw66qbxrj4fvtwmzh8qwn.png/82px-%E5%A4%B4%E5%83%8F_%E8%89%BE%E8%95%BE%E5%9B%A0.png
艾蕾因,剑之少女,4436,605,249,343,280,185,1000,150,30,90,90,20,https://patchwiki.biligame.com/images/langrisser/thumb/7/75/aijtn25yaljw66qbxrj4fvtwmzh8qwn.png/82px-%E5%A4%B4%E5%83%8F_%E8%89%BE%E8%95%BE%E5%9B%A0.png
艾马林克,大元帅,5001,458,251,368,208,90,1000,150,30,90,90,20,https://patchwiki.biligame.com/images/langrisser/thumb/d/db/21hmbe4nd0qa1p829dyijmxnkki7w6s.png/82px-%E5%A4%B4%E5%83%8F_%E8%89%BE%E9%A9%AC%E6%9E%97%E5%85%8B.png
艾马林克,骑士统帅,4400,483,251,320,239,101,1000,150,30,90,90,20,https://patchwiki.biligame.com/images/langrisser/thumb/d/db/21hmbe4nd0qa1p829dyijmxnkki7w6s.png/82px-%E5%A4%B4%E5%83%8F_%E8%89%BE%E9%A9%AC%E6%9E%97%E5%85%8B.png
艾梅达,曙光的恩眷,3918,259,535,249,422,111,1000,30,150,90,90,20,https://patchwiki.biligame.com/images/langrisser/thumb/9/92/qgca6jdj39yr9ba6mk1sdk09u47zrmy.png/82px-%E5%A4%B4%E5%83%8F_%E8%89%BE%E6%A2%85%E8%BE%BE.png
艾梅达,神使,3227,311,491,230,408,81,1000,30,150,90,90,20,https://patchwiki.biligame.com/images/langrisser/thumb/9/92/qgca6jdj39yr9ba6mk1sdk09u47zrmy.png/82px-%E5%A4%B4%E5%83%8F_%E8%89%BE%E6%A2%85%E8%BE%BE.png
艾梅达,圣者,3378,311,491,250,399,81,1000,30,150,90,90,20,https://patchwiki.biligame.com/images/langrisser/thumb/9/92/qgca6jdj39yr9ba6mk1sdk09u47zrmy.png/82px-%E5%A4%B4%E5%83%8F_%E8%89%BE%E6%A2%85%E8%BE%BE.png
艾米莉亚,圣枪统帅,4584,376,300,392,329,90,1000,150,30,90,90,20,https://patchwiki.biligame.com/images/langrisser/thumb/8/8e/lynodkh1xlr05cqbailfo3w183zgt9i.png/82px-%E5%A4%B4%E5%83%8F_%E8%89%BE%E7%B1%B3%E8%8E%89%E4%BA%9A.png
艾米莉亚,圣骑统帅,4911,376,300,370,356,90,1000,150,30,90,90,20,https://patchwiki.biligame.com/images/langrisser/thumb/8/8e/lynodkh1xlr05cqbailfo3w183zgt9i.png/82px-%E5%A4%B4%E5%83%8F_%E8%89%BE%E7%B1%B3%E8%8E%89%E4%BA%9A.png
艾丝蒂尔,樱花无双,5352,481,235,413,197,96,1000,150,30,90,90,20,https://patchwiki.biligame.com/images/langrisser/thumb/6/64/79suiochc21149l2vmshkscrlv6x4d5.png/82px-%E5%A4%B4%E5%83%8F_%E8%89%BE%E4%B8%9D%E8%92%82%E5%B0%94.png
艾丝蒂尔,烈波无双,5023,540,235,404,220,111,1000,150,30,90,90,20,https://patchwiki.biligame.com/images/langrisser/thumb/6/64/79suiochc21149l2vmshkscrlv6x4d5.png/82px-%E5%A4%B4%E5%83%8F_%E8%89%BE%E4%B8%9D%E8%92%82%E5%B0%94.png
艾希恩,荣光仡刃,4483,607,243,327,280,190,1000,150,30,90,90,20,https://patchwiki.biligame.com/images/langrisser/thumb/b/b8/mekey0838ii75hy3pfjb4b5p12tn2xq.png/82px-%E5%A4%B4%E5%83%8F_%E8%89%BE%E5%B8%8C%E6%81%A9.png
艾希恩,凛空皓翼,4193,607,267,303,312,171,1000,150,30,90,90,20,https://patchwiki.biligame.com/images/langrisser/thumb/b/b8/mekey0838ii75hy3pfjb4b5p12tn2xq.png/82px-%E5%A4%B4%E5%83%8F_%E8%89%BE%E5%B8%8C%E6%81%A9.png
爱克雪拉,漆黑皇女,4828,533,247,315,244,183,1000,150,30,90,90,20,https://patchwiki.biligame.com/images/langrisser/thumb/5/5a/0r7ptdyieol6e575y90f42jotpy4p2d.png/82px-%E5%A4%B4%E5%83%8F_%E7%88%B1%E5%85%8B%E9%9B%AA%E6%8B%89.png
爱克雪拉,驭龙骑士,4218,561,247,291,331,183,1000,150,30,90,90,20,https://patchwiki.biligame.com/images/langrisser/thumb/5/5a/0r7ptdyieol6e575y90f42jotpy4p2d.png/82px-%E5%A4%B4%E5%83%8F_%E7%88%B1%E5%85%8B%E9%9B%AA%E6%8B%89.png
爱丽丝,梦幻之吻,3083,313,441,247,378,85,1000,30,150,90,90,20,https://patchwiki.biligame.com/images/langrisser/thumb/6/6e/9jsq4n51qdrxnj88mgzva2kwkixk5nz.png/82px-%E5%A4%B4%E5%83%8F_%E7%88%B1%E4%B8%BD%E4%B8%9D.png
爱丽丝,光武·改/爱丽丝,3525,288,477,277,314,110,1000,30,150,90,90,20,https://patchwiki.biligame.com/images/langrisser/thumb/6/6e/9jsq4n51qdrxnj88mgzva2kwkixk5nz.png/82px-%E5%A4%B4%E5%83%8F_%E7%88%B1%E4%B8%BD%E4%B8%9D.png
安德里奥,突击骑士,4242,616,230,282,246,115,1000,150,30,90,90,20,https://patchwiki.biligame.com/images/langrisser/thumb/7/79/q1xzirnyoume0foydhp7ziwgykntjnt.png/82px-%E5%A4%B4%E5%83%8F_%E5%AE%89%E5%BE%B7%E9%87%8C%E5%A5%A5.png
安德里奥,狱渊统帅,4574,585,230,293,275,115,1000,150,30,90,90,20,https://patchwiki.biligame.com/images/langrisser/thumb/7/79/q1xzirnyoume0foydhp7ziwgykntjnt.png/82px-%E5%A4%B4%E5%83%8F_%E5%AE%89%E5%BE%B7%E9%87%8C%E5%A5%A5.png
安杰丽卡,神使,3186,319,450,255,371,85,1000,30,150,90,90,20,https://patchwiki.biligame.com/images/langrisser/thumb/f/f4/cw1nreoz9s3sd80upe48xh1q4d8w4yl.png/82px-%E5%A4%B4%E5%83%8F_%E5%AE%89%E6%9D%B0%E4%B8%BD%E5%8D%A1.png
安杰丽卡,创造家,3329,319,450,275,320,110,1000,30,150,90,90,20,https://patchwiki.biligame.com/images/langrisser/thumb/f/f4/cw1nreoz9s3sd80upe48xh1q4d8w4yl.png/82px-%E5%A4%B4%E5%83%8F_%E5%AE%89%E6%9D%B0%E4%B8%BD%E5%8D%A1.png
安洁丽娜,海骑统帅,4586,547,247,339,283,124,1000,150,30,90,90,20,https://patchwiki.biligame.com/images/langrisser/thumb/d/d8/av50x89hswqfi8gf751ss1uql3nspvo.png/82px-%E5%A4%B4%E5%83%8F_%E5%AE%89%E6%B4%81%E4%B8%BD%E5%A8%9C.png
安洁丽娜,龙骑统帅,4265,577,247,313,339,178,1000,150,30,90,90,20,https://patchwiki.biligame.com/images/langrisser/thumb/d/d8/av50x89hswqfi8gf751ss1uql3nspvo.png/82px-%E5%A4%B4%E5%83%8F_%E5%AE%89%E6%B4%81%E4%B8%BD%E5%A8%9C.png
安娜,神使,3044,311,386,229,377,80,1000,30,150,90,90,20,https://patchwiki.biligame.com/images/langrisser/thumb/8/8e/3dx0zkitdo1005l1ug5cuy3gopjgntf.png/82px-%E5%A4%B4%E5%83%8F_%E5%AE%89%E5%A8%9C.png
安兹·乌尔·恭,巅峰不死者,3347,256,552,227,378,87,1000,30,150,90,90,20,https://patchwiki.biligame.com/images/langrisser/thumb/1/1d/g9mm6xhm12ik7vhlmy3vc807ogz532u.png/82px-%E5%A4%B4%E5%83%8F_%E5%AE%89%E5%85%B9%C2%B7%E4%B9%8C%E5%B0%94%C2%B7%E6%81%AD.png
安兹·乌尔·恭,死之统治者,3512,256,552,257,387,113,1000,30,150,90,90,20,https://patchwiki.biligame.com/images/langrisser/thumb/1/1d/g9mm6xhm12ik7vhlmy3vc807ogz532u.png/82px-%E5%A4%B4%E5%83%8F_%E5%AE%89%E5%85%B9%C2%B7%E4%B9%8C%E5%B0%94%C2%B7%E6%81%AD.png
奥利佛,大统帅,3537,503,233,262,250,317,1000,150,30,90,90,20,https://patchwiki.biligame.com/images/langrisser/thumb/f/f0/crd04zamrget4hvpxkcm0gzckreutyu.png/82px-%E5%A4%B4%E5%83%8F_%E5%A5%A5%E5%88%A9%E4%BD%9B.png
奥利佛,闪击统帅,3273,503,233,262,281,274,1000,150,30,90,90,20,https://patchwiki.biligame.com/images/langrisser/thumb/f/f0/crd04zamrget4hvpxkcm0gzckreutyu.png/82px-%E5%A4%B4%E5%83%8F_%E5%A5%A5%E5%88%A9%E4%BD%9B.png
奥利维尔,帝国皇子,3485,510,244,247,317,192,1000,150,30,90,90,20,https://patchwiki.biligame.com/images/langrisser/thumb/f/f3/36xy6fj2azf40ekgsp1woy33jobf1l8.png/82px-%E5%A4%B4%E5%83%8F_%E5%A5%A5%E5%88%A9%E7%BB%B4%E5%B0%94.png
奥利维尔,吟游诗人,3913,481,244,276,317,125,1000,150,30,90,90,20,https://patchwiki.biligame.com/images/langrisser/thumb/f/f3/36xy6fj2azf40ekgsp1woy33jobf1l8.png/82px-%E5%A4%B4%E5%83%8F_%E5%A5%A5%E5%88%A9%E7%BB%B4%E5%B0%94.png
奥托克拉托四世,皇家统帅,5067,535,265,386,261,108,1000,150,30,90,90,20,https://patchwiki.biligame.com/images/langrisser/thumb/5/55/2x8ajtxnvs107kc55t1bhcjy4u8lhxi.png/82px-%E5%A4%B4%E5%83%8F_%E5%A5%A5%E6%89%98%E5%85%8B%E6%8B%89%E6%89%98%E5%9B%9B%E4%B8%96.png
奥托克拉托四世,皇帝,4748,564,265,364,261,143,1000,150,30,90,90,20,https://patchwiki.biligame.com/images/langrisser/thumb/5/55/2x8ajtxnvs107kc55t1bhcjy4u8lhxi.png/82px-%E5%A4%B4%E5%83%8F_%E5%A5%A5%E6%89%98%E5%85%8B%E6%8B%89%E6%89%98%E5%9B%9B%E4%B8%96.png
巴恩哈特,统黯帝皇,5042,568,260,376,290,135,1000,150,30,90,90,20,https://patchwiki.biligame.com/images/langrisser/thumb/c/c2/nw3sft8lha8ll26e5xxtyapvbt1k996.png/82px-%E5%A4%B4%E5%83%8F_%E5%B7%B4%E6%81%A9%E5%93%88%E7%89%B9.png
巴恩哈特,勇者,5039,519,265,403,281,108,1000,150,30,90,90,20,https://patchwiki.biligame.com/images/langrisser/thumb/c/c2/nw3sft8lha8ll26e5xxtyapvbt1k996.png/82px-%E5%A4%B4%E5%83%8F_%E5%B7%B4%E6%81%A9%E5%93%88%E7%89%B9.png
巴恩哈特,皇帝,4723,546,265,380,281,143,1000,150,30,90,90,20,https://patchwiki.biligame.com/images/langrisser/thumb/c/c2/nw3sft8lha8ll26e5xxtyapvbt1k996.png/82px-%E5%A4%B4%E5%83%8F_%E5%B7%B4%E6%81%A9%E5%93%88%E7%89%B9.png
巴尔加斯,勇者,4996,450,231,402,247,90,1000,150,30,90,90,20,https://patchwiki.biligame.com/images/langrisser/thumb/8/84/3edl25ml4af8sxgvzwtzqs8qiumdjdk.png/82px-%E5%A4%B4%E5%83%8F_%E5%B7%B4%E5%B0%94%E5%8A%A0%E6%96%AF.png
巴尔加斯,皇家卫士,5310,424,210,412,179,77,1000,150,30,90,90,20,https://patchwiki.biligame.com/images/langrisser/thumb/8/84/3edl25ml4af8sxgvzwtzqs8qiumdjdk.png/82px-%E5%A4%B4%E5%83%8F_%E5%B7%B4%E5%B0%94%E5%8A%A0%E6%96%AF.png
坂田银时,万事屋之主,4556,597,257,346,300,116,1000,150,30,90,90,20,https://patchwiki.biligame.com/images/langrisser/thumb/f/f3/jvklqvrjofeqfnywhcfecbe4d3ja8do.png/82px-%E5%A4%B4%E5%83%8F_%E5%9D%82%E7%94%B0%E9%93%B6%E6%97%B6.png
坂田银时,剑圣,4556,597,283,320,289,226,1000,150,30,90,90,20,https://patchwiki.biligame.com/images/langrisser/thumb/f/f3/jvklqvrjofeqfnywhcfecbe4d3ja8do.png/82px-%E5%A4%B4%E5%83%8F_%E5%9D%82%E7%94%B0%E9%93%B6%E6%97%B6.png
贝蒂,皇后,4980,527,249,387,305,104,1000,150,30,90,90,20,https://patchwiki.biligame.com/images/langrisser/thumb/c/c0/ecv5tkl64a1m35gvsnxecude6bwaboy.png/82px-%E5%A4%B4%E5%83%8F_%E8%B4%9D%E8%92%82.png
贝蒂,剑士统帅,4665,555,249,364,305,137,1000,150,30,90,90,20,https://patchwiki.biligame.com/images/langrisser/thumb/c/c0/ecv5tkl64a1m35gvsnxecude6bwaboy.png/82px-%E5%A4%B4%E5%83%8F_%E8%B4%9D%E8%92%82.png
比萝蒂丝,游侠,3275,506,233,236,297,252,1000,150,30,90,90,20,https://patchwiki.biligame.com/images/langrisser/thumb/6/63/2bq1qhxwxcv6pdkb1gq3nioygi6udk0.png/82px-%E5%A4%B4%E5%83%8F_%E6%AF%94%E8%90%9D%E8%92%82%E4%B8%9D.png
比萝蒂丝,黑妖刺客,3700,506,233,254,244,325,1000,150,30,90,90,20,https://patchwiki.biligame.com/images/langrisser/thumb/6/63/2bq1qhxwxcv6pdkb1gq3nioygi6udk0.png/82px-%E5%A4%B4%E5%83%8F_%E6%AF%94%E8%90%9D%E8%92%82%E4%B8%9D.png
波莉阿鲁,斗神,4871,583,233,362,242,159,1000,150,30,90,90,20,https://patchwiki.biligame.com/images/langrisser/thumb/8/82/kfiu3rvxm6fomix4a1za7xttcno2m6p.png/82px-%E5%A4%B4%E5%83%8F_%E6%B3%A2%E8%8E%89%E9%98%BF%E9%B2%81.png
波莉阿鲁,触灵行者,4555,583,256,362,297,143,1000,150,30,90,90,20,https://patchwiki.biligame.com/images/langrisser/thumb/8/82/kfiu3rvxm6fomix4a1za7xttcno2m6p.png/82px-%E5%A4%B4%E5%83%8F_%E6%B3%A2%E8%8E%89%E9%98%BF%E9%B2%81.png
波赞鲁,死神领主,4737,287,407,309,387,88,1000,30,150,90,90,20,https://patchwiki.biligame.com/images/langrisser/thumb/b/bd/h1gi79zp5isqcl077i5oi598wwcukap.png/82px-%E5%A4%B4%E5%83%8F_%E6%B3%A2%E8%B5%9E%E9%B2%81.png
波赞鲁,黑暗王子,4096,287,407,288,377,88,1000,30,150,90,90,20,https://patchwiki.biligame.com/images/langrisser/thumb/b/bd/h1gi79zp5isqcl077i5oi598wwcukap.png/82px-%E5%A4%B4%E5%83%8F_%E6%B3%A2%E8%B5%9E%E9%B2%81.png
布琳达,斗神,4922,590,233,346,217,172,1000,150,30,90,90,20,https://patchwiki.biligame.com/images/langrisser/thumb/3/3c/98yvb2hy90kx37u1w54btsyv6hox4o3.png/82px-%E5%A4%B4%E5%83%8F_%E5%B8%83%E7%90%B3%E8%BE%BE.png
布琳达,皇家骑士,4610,590,233,320,270,130,1000,150,30,90,90,20,https://patchwiki.biligame.com/images/langrisser/thumb/3/3c/98yvb2hy90kx37u1w54btsyv6hox4o3.png/82px-%E5%A4%B4%E5%83%8F_%E5%B8%83%E7%90%B3%E8%BE%BE.png
藏马,前世之力,3502,262,579,292,382,115,1000,30,150,90,90,20,https://patchwiki.biligame.com/images/langrisser/thumb/f/f3/fybfnqlh26umbr2psw5a2kw46bxalgg.png/82px-%E5%A4%B4%E5%83%8F_%E8%97%8F%E9%A9%AC.png
藏马,魔蔷薇之棘,3489,262,551,271,382,88,1000,30,150,90,90,20,https://patchwiki.biligame.com/images/langrisser/thumb/f/f3/fybfnqlh26umbr2psw5a2kw46bxalgg.png/82px-%E5%A4%B4%E5%83%8F_%E8%97%8F%E9%A9%AC.png
超越之人,全世之坏灭,4237,256,520,289,374,130,1000,30,150,90,90,20,https://patchwiki.biligame.com/images/langrisser/thumb/6/60/3zdevwkv9fpzzxtfng3a6ag55pbl4j4.png/82px-%E5%A4%B4%E5%83%8F_%E8%B6%85%E8%B6%8A%E4%B9%8B%E4%BA%BA.png
超越之人,万灵之初诞,3760,307,493,269,351,99,1000,30,150,90,90,20,https://patchwiki.biligame.com/images/langrisser/thumb/6/60/3zdevwkv9fpzzxtfng3a6ag55pbl4j4.png/82px-%E5%A4%B4%E5%83%8F_%E8%B6%85%E8%B6%8A%E4%B9%8B%E4%BA%BA.png
迪哈尔特,异邦豪侠,4481,585,222,304,283,164,1000,150,30,90,90,20,https://patchwiki.biligame.com/images/langrisser/thumb/5/5a/5h8ldlwsqdiroedd8aa7ekydpsfa2r8.png/82px-%E5%A4%B4%E5%83%8F_%E8%BF%AA%E5%93%88%E5%B0%94%E7%89%B9.png
迪哈尔特,皇家骑士,4326,581,222,295,283,154,1000,150,30,90,90,20,https://patchwiki.biligame.com/images/langrisser/thumb/5/5a/5h8ldlwsqdiroedd8aa7ekydpsfa2r8.png/82px-%E5%A4%B4%E5%83%8F_%E8%BF%AA%E5%93%88%E5%B0%94%E7%89%B9.png
迪哈尔特,大统帅,4016,553,244,283,263,301,1000,150,30,90,90,20,https://patchwiki.biligame.com/images/langrisser/thumb/5/5a/5h8ldlwsqdiroedd8aa7ekydpsfa2r8.png/82px-%E5%A4%B4%E5%83%8F_%E8%BF%AA%E5%93%88%E5%B0%94%E7%89%B9.png
迪欧斯,弓骑统帅,3281,422,244,231,314,186,1000,150,30,90,90,20,https://patchwiki.biligame.com/images/langrisser/thumb/c/c8/57fozjafgydgfni85m6hylse0qwrr98.png/82px-%E5%A4%B4%E5%83%8F_%E8%BF%AA%E6%AC%A7%E6%96%AF.png
蒂德莉特,精灵剑士,4365,267,567,318,325,152,1000,30,150,90,90,20,https://patchwiki.biligame.com/images/langrisser/thumb/f/fc/c7m7o3j7texzupf69ayn8wjufow2nvi.png/82px-%E5%A4%B4%E5%83%8F_%E8%92%82%E5%BE%B7%E8%8E%89%E7%89%B9.png
蒂德莉特,高等精灵,3555,267,539,260,384,87,1000,30,150,90,90,20,https://patchwiki.biligame.com/images/langrisser/thumb/f/fc/c7m7o3j7texzupf69ayn8wjufow2nvi.png/82px-%E5%A4%B4%E5%83%8F_%E8%92%82%E5%BE%B7%E8%8E%89%E7%89%B9.png
蒂亚莉丝,圣女骑士,3327,335,443,272,407,96,1000,30,150,90,90,20,https://patchwiki.biligame.com/images/langrisser/thumb/0/0f/9gxh3qdkiaq8ipug37mu6rogf622r4b.png/82px-%E5%A4%B4%E5%83%8F_%E8%92%82%E4%BA%9A%E8%8E%89%E4%B8%9D.png
蒂亚莉丝,独角兽统帅,3619,308,481,304,348,125,1000,30,150,90,90,20,https://patchwiki.biligame.com/images/langrisser/thumb/0/0f/9gxh3qdkiaq8ipug37mu6rogf622r4b.png/82px-%E5%A4%B4%E5%83%8F_%E8%92%82%E4%BA%9A%E8%8E%89%E4%B8%9D.png
蒂亚莉丝,黎明圣骑,3527,294,584,279,375,96,1000,30,150,90,90,20,https://patchwiki.biligame.com/images/langrisser/thumb/0/0f/9gxh3qdkiaq8ipug37mu6rogf622r4b.png/82px-%E5%A4%B4%E5%83%8F_%E8%92%82%E4%BA%9A%E8%8E%89%E4%B8%9D.png
法娜,游侠,3490,503,271,234,315,208,1000,150,30,90,90,20,https://patchwiki.biligame.com/images/langrisser/thumb/7/71/6zptjdg5x0ewxtejkd1y5iwl635yxvd.png/82px-%E5%A4%B4%E5%83%8F_%E6%B3%95%E5%A8%9C.png
法娜,龙骑统帅,3939,556,247,262,315,183,1000,150,30,90,90,20,https://patchwiki.biligame.com/images/langrisser/thumb/7/71/6zptjdg5x0ewxtejkd1y5iwl635yxvd.png/82px-%E5%A4%B4%E5%83%8F_%E6%B3%95%E5%A8%9C.png
范恩,里万事屋之主,4436,569,247,329,280,157,1000,150,30,90,90,20,https://patchwiki.biligame.com/images/langrisser/thumb/d/d5/alvy890wmilrs28nt8jtocmwr0x8siq.png/82px-%E5%A4%B4%E5%83%8F_%E8%8C%83%E6%81%A9.png
范恩,黎之魔王,4436,601,247,305,291,157,1000,150,30,90,90,20,https://patchwiki.biligame.com/images/langrisser/thumb/d/d5/alvy890wmilrs28nt8jtocmwr0x8siq.png/82px-%E5%A4%B4%E5%83%8F_%E8%8C%83%E6%81%A9.png
方舟圣女,巫师,3538,262,559,245,367,87,1000,30,150,90,90,20,https://patchwiki.biligame.com/images/langrisser/thumb/7/79/gs0fhdkat8hdp6h4ibx8ac8zsk7dilv.png/82px-%E5%A4%B4%E5%83%8F_%E6%96%B9%E8%88%9F%E5%9C%A3%E5%A5%B3.png
方舟圣女,辉黯使者,4017,252,588,265,367,113,1000,30,150,90,90,20,https://patchwiki.biligame.com/images/langrisser/thumb/7/79/gs0fhdkat8hdp6h4ibx8ac8zsk7dilv.png/82px-%E5%A4%B4%E5%83%8F_%E6%96%B9%E8%88%9F%E5%9C%A3%E5%A5%B3.png
飞影,邪眼师,3439,540,240,298,281,322,1000,150,30,90,90,20,https://patchwiki.biligame.com/images/langrisser/thumb/2/2c/huo7lft2n1a02ubpk8ln1gzo3ylfqpb.png/82px-%E5%A4%B4%E5%83%8F_%E9%A3%9E%E5%BD%B1.png
飞影,邪王炎杀,3821,568,240,334,302,197,1000,150,30,90,90,20,https://patchwiki.biligame.com/images/langrisser/thumb/2/2c/huo7lft2n1a02ubpk8ln1gzo3ylfqpb.png/82px-%E5%A4%B4%E5%83%8F_%E9%A3%9E%E5%BD%B1.png
弗拉基亚,漆黑魅影,3771,496,299,262,250,286,1000,150,30,90,90,20,https://patchwiki.biligame.com/images/langrisser/thumb/f/fc/hz5ud5qvqmc0mxph4ysjakzmdpn3py0.png/82px-%E5%A4%B4%E5%83%8F_%E5%BC%97%E6%8B%89%E5%9F%BA%E4%BA%9A.png
弗拉基亚,幻影魔姬,4074,496,299,272,270,224,1000,150,30,90,90,20,https://patchwiki.biligame.com/images/langrisser/thumb/f/fc/hz5ud5qvqmc0mxph4ysjakzmdpn3py0.png/82px-%E5%A4%B4%E5%83%8F_%E5%BC%97%E6%8B%89%E5%9F%BA%E4%BA%9A.png
弗洛朗蒂娅,军师,2944,312,557,228,295,80,1000,30,150,90,90,20,https://patchwiki.biligame.com/images/langrisser/thumb/5/52/m812mhyuuxulvtoh800kfvlfdcwx628.png/82px-%E5%A4%B4%E5%83%8F_%E5%BC%97%E6%B4%9B%E6%9C%97%E8%92%82%E5%A8%85.png
弗洛朗蒂娅,帝国宰相,2813,260,591,211,295,80,1000,30,150,90,90,20,https://patchwiki.biligame.com/images/langrisser/thumb/5/52/m812mhyuuxulvtoh800kfvlfdcwx628.png/82px-%E5%A4%B4%E5%83%8F_%E5%BC%97%E6%B4%9B%E6%9C%97%E8%92%82%E5%A8%85.png
芙蕾雅,蔷薇女王,4839,433,397,364,326,92,1000,150,30,90,90,20,https://patchwiki.biligame.com/images/langrisser/thumb/4/4b/o19c5nzfxjv0hiotrqrwnjzw9a9i8kd.png/82px-%E5%A4%B4%E5%83%8F_%E8%8A%99%E8%95%BE%E9%9B%85.png
芙蕾雅,女武神,4550,325,484,332,316,94,1000,30,150,90,90,20,https://patchwiki.biligame.com/images/langrisser/thumb/4/4b/o19c5nzfxjv0hiotrqrwnjzw9a9i8kd.png/82px-%E5%A4%B4%E5%83%8F_%E8%8A%99%E8%95%BE%E9%9B%85.png
芙蕾雅,皇家卫士,5182,408,312,387,207,81,1000,150,30,90,90,20,https://patchwiki.biligame.com/images/langrisser/thumb/4/4b/o19c5nzfxjv0hiotrqrwnjzw9a9i8kd.png/82px-%E5%A4%B4%E5%83%8F_%E8%8A%99%E8%95%BE%E9%9B%85.png
高里,光之剑,4307,593,276,322,292,167,1000,150,30,90,90,20,https://patchwiki.biligame.com/images/langrisser/thumb/9/9d/0fywsdykc0aetc6wjfupikjcikyzc9l.png/82px-%E5%A4%B4%E5%83%8F_%E9%AB%98%E9%87%8C.png
高里,英雄,4307,562,276,348,280,167,1000,150,30,90,90,20,https://patchwiki.biligame.com/images/langrisser/thumb/9/9d/0fywsdykc0aetc6wjfupikjcikyzc9l.png/82px-%E5%A4%B4%E5%83%8F_%E9%AB%98%E9%87%8C.png
格伦希尔,驭空之刃,4548,603,258,339,278,141,1000,150,30,90,90,20,https://patchwiki.biligame.com/images/langrisser/thumb/7/73/p8us9a6f142ba7m7jfai7sw2g70v8p0.png/82px-%E5%A4%B4%E5%83%8F_%E6%A0%BC%E4%BC%A6%E5%B8%8C%E5%B0%94.png
格伦希尔,锋翼统帅,4241,603,235,339,301,157,1000,150,30,90,90,20,https://patchwiki.biligame.com/images/langrisser/thumb/7/73/p8us9a6f142ba7m7jfai7sw2g70v8p0.png/82px-%E5%A4%B4%E5%83%8F_%E6%A0%BC%E4%BC%A6%E5%B8%8C%E5%B0%94.png
格尼尔,啸风骑将,4902,502,250,360,304,180,1000,150,30,90,90,20,https://patchwiki.biligame.com/images/langrisser/thumb/4/44/7d7i6pr6p0wgjnczr6kbvjdkrboy4pm.png/82px-%E5%A4%B4%E5%83%8F_%E6%A0%BC%E5%B0%BC%E5%B0%94.png
格尼尔,大元帅,4993,495,227,376,220,90,1000,150,30,90,90,20,https://patchwiki.biligame.com/images/langrisser/thumb/4/44/7d7i6pr6p0wgjnczr6kbvjdkrboy4pm.png/82px-%E5%A4%B4%E5%83%8F_%E6%A0%BC%E5%B0%BC%E5%B0%94.png
格尼尔,弓骑统帅,4106,495,250,287,308,157,1000,150,30,90,90,20,https://patchwiki.biligame.com/images/langrisser/thumb/4/44/7d7i6pr6p0wgjnczr6kbvjdkrboy4pm.png/82px-%E5%A4%B4%E5%83%8F_%E6%A0%BC%E5%B0%BC%E5%B0%94.png
古恩,白狼王,4051,611,260,320,280,160,1000,150,30,90,90,20,https://patchwiki.biligame.com/images/langrisser/thumb/5/5d/d71cmce44glj0r6cg286g1ezz4ua4rv.png/82px-%E5%A4%B4%E5%83%8F_%E5%8F%A4%E6%81%A9.png
古恩,群山守护者,3750,581,237,320,303,179,1000,150,30,90,90,20,https://patchwiki.biligame.com/images/langrisser/thumb/5/5d/d71cmce44glj0r6cg286g1ezz4ua4rv.png/82px-%E5%A4%B4%E5%83%8F_%E5%8F%A4%E6%81%A9.png
古巨拉,贝希摩斯,5805,503,271,293,325,109,1000,150,30,90,90,20,https://patchwiki.biligame.com/images/langrisser/thumb/e/eb/7rvy2c5zuctfkimwlm0i52js47zdmn9.png/82px-%E5%A4%B4%E5%83%8F_%E5%8F%A4%E5%B7%A8%E6%8B%89.png
古巨拉,海德拉,5442,412,247,317,285,124,1000,150,30,90,90,20,https://patchwiki.biligame.com/images/langrisser/thumb/e/eb/7rvy2c5zuctfkimwlm0i52js47zdmn9.png/82px-%E5%A4%B4%E5%83%8F_%E5%8F%A4%E5%B7%A8%E6%8B%89.png
古巨拉,巴哈姆特,5442,412,327,282,371,124,1000,150,30,90,90,20,https://patchwiki.biligame.com/images/langrisser/thumb/e/eb/7rvy2c5zuctfkimwlm0i52js47zdmn9.png/82px-%E5%A4%B4%E5%83%8F_%E5%8F%A4%E5%B7%A8%E6%8B%89.png
古斯塔夫,死灵之械,4316,263,591,268,364,130,1000,30,150,90,90,20,https://patchwiki.biligame.com/images/langrisser/thumb/0/06/6vegjgi4xk8dfozua8g02t349obwc93.png/82px-%E5%A4%B4%E5%83%8F_%E5%8F%A4%E6%96%AF%E5%A1%94%E5%A4%AB.png
古斯塔夫,巫师,3826,263,563,249,364,99,1000,30,150,90,90,20,https://patchwiki.biligame.com/images/langrisser/thumb/0/06/6vegjgi4xk8dfozua8g02t349obwc93.png/82px-%E5%A4%B4%E5%83%8F_%E5%8F%A4%E6%96%AF%E5%A1%94%E5%A4%AB.png
光影剑魄,剑之传承,3878,573,258,308,268,186,1000,150,30,90,90,20,https://patchwiki.biligame.com/images/langrisser/thumb/9/9e/p5o74nrl3to4o30w0qef8h921le25yt.png/82px-%E5%A4%B4%E5%83%8F_%E5%85%89%E5%BD%B1%E5%89%91%E9%AD%84.png
光影剑魄,魔剑具象,4174,603,258,308,279,167,1000,150,30,90,90,20,https://patchwiki.biligame.com/images/langrisser/thumb/9/9e/p5o74nrl3to4o30w0qef8h921le25yt.png/82px-%E5%A4%B4%E5%83%8F_%E5%85%89%E5%BD%B1%E5%89%91%E9%AD%84.png
光佑使徒,圣护使徒,5068,260,567,320,348,94,1000,30,150,90,90,20,https://patchwiki.biligame.com/images/langrisser/thumb/9/9c/fwke5lm3g2tdksncjbhylg7zxpbz5xf.png/82px-%E5%A4%B4%E5%83%8F_%E5%85%89%E4%BD%91%E4%BD%BF%E5%BE%92.png
光佑使徒,光盾剑卫,5068,260,567,348,311,141,1000,30,150,90,90,20,https://patchwiki.biligame.com/images/langrisser/thumb/9/9c/fwke5lm3g2tdksncjbhylg7zxpbz5xf.png/82px-%E5%A4%B4%E5%83%8F_%E5%85%89%E4%BD%91%E4%BD%BF%E5%BE%92.png
海恩,黑龙魔导师,3489,258,547,240,388,87,1000,30,150,90,90,20,https://patchwiki.biligame.com/images/langrisser/thumb/5/57/9o2k3cji8s3bcu3ypdj3dndamuzael1.png/82px-%E5%A4%B4%E5%83%8F_%E6%B5%B7%E6%81%A9.png
海恩,圣者,3301,310,498,256,373,80,1000,30,150,90,90,20,https://patchwiki.biligame.com/images/langrisser/thumb/5/57/9o2k3cji8s3bcu3ypdj3dndamuzael1.png/82px-%E5%A4%B4%E5%83%8F_%E6%B5%B7%E6%81%A9.png
海恩,巫师,3154,258,527,237,373,80,1000,30,150,90,90,20,https://patchwiki.biligame.com/images/langrisser/thumb/5/57/9o2k3cji8s3bcu3ypdj3dndamuzael1.png/82px-%E5%A4%B4%E5%83%8F_%E6%B5%B7%E6%81%A9.png
海伦娜,突击骑士,4184,609,233,275,254,113,1000,150,30,90,90,20,https://patchwiki.biligame.com/images/langrisser/thumb/3/3c/3m8i38usnk5gwjh1ndvgezxe2u0g9oz.png/82px-%E5%A4%B4%E5%83%8F_%E6%B5%B7%E4%BC%A6%E5%A8%9C.png
海伦娜,皇家骑士,4511,578,233,287,283,113,1000,150,30,90,90,20,https://patchwiki.biligame.com/images/langrisser/thumb/3/3c/3m8i38usnk5gwjh1ndvgezxe2u0g9oz.png/82px-%E5%A4%B4%E5%83%8F_%E6%B5%B7%E4%BC%A6%E5%A8%9C.png
红月之王,异星复仇者,3878,267,518,319,323,175,1000,30,150,90,90,20,https://patchwiki.biligame.com/images/langrisser/thumb/a/aa/jv6cbds0hkg6ecmi8hqzab235alx262.png/82px-%E5%A4%B4%E5%83%8F_%E7%BA%A2%E6%9C%88%E4%B9%8B%E7%8E%8B.png
红月之王,血晶支配者,3878,295,518,285,335,175,1000,30,150,90,90,20,https://patchwiki.biligame.com/images/langrisser/thumb/a/aa/jv6cbds0hkg6ecmi8hqzab235alx262.png/82px-%E5%A4%B4%E5%83%8F_%E7%BA%A2%E6%9C%88%E4%B9%8B%E7%8E%8B.png
户愚吕兄弟,力·100%,3914,628,233,313,273,121,1000,150,30,90,90,20,https://patchwiki.biligame.com/images/langrisser/thumb/f/f6/h6ul74v2xfkdqmel3wr6kxnhfeeby0r.png/82px-%E5%A4%B4%E5%83%8F_%E6%88%B7%E6%84%9A%E5%90%95%E5%85%84%E5%BC%9F.png
户愚吕兄弟,武态·剑,4303,596,233,313,262,121,1000,150,30,90,90,20,https://patchwiki.biligame.com/images/langrisser/thumb/f/f6/h6ul74v2xfkdqmel3wr6kxnhfeeby0r.png/82px-%E5%A4%B4%E5%83%8F_%E6%88%B7%E6%84%9A%E5%90%95%E5%85%84%E5%BC%9F.png
怀特·茜茜,军师,3806,305,476,282,362,80,1000,30,150,90,90,20,https://patchwiki.biligame.com/images/langrisser/thumb/6/6d/5evva54tdbq5hkzzmire8j97bh0eeop.png/82px-%E5%A4%B4%E5%83%8F_%E6%80%80%E7%89%B9%C2%B7%E8%8C%9C%E8%8C%9C.png
怀特·茜茜,隐士,3806,280,476,262,340,93,1000,30,150,90,90,20,https://patchwiki.biligame.com/images/langrisser/thumb/6/6d/5evva54tdbq5hkzzmire8j97bh0eeop.png/82px-%E5%A4%B4%E5%83%8F_%E6%80%80%E7%89%B9%C2%B7%E8%8C%9C%E8%8C%9C.png
辉耀圣召使,辉耀神眷使,4356,280,562,282,355,150,1000,30,150,90,90,20,https://patchwiki.biligame.com/images/langrisser/thumb/5/5a/8vlsa25fmvbazjjnzv7s16wm15pqdgy.png/82px-%E5%A4%B4%E5%83%8F_%E8%BE%89%E8%80%80%E5%9C%A3%E5%8F%AC%E4%BD%BF.png
辉耀圣召使,圣雷召现使,4039,253,592,281,378,166,1000,30,150,90,90,20,https://patchwiki.biligame.com/images/langrisser/thumb/5/5a/8vlsa25fmvbazjjnzv7s16wm15pqdgy.png/82px-%E5%A4%B4%E5%83%8F_%E8%BE%89%E8%80%80%E5%9C%A3%E5%8F%AC%E4%BD%BF.png
辉夜,月隐谪仙,3671,290,566,240,356,135,1000,30,150,90,90,20,https://patchwiki.biligame.com/images/langrisser/thumb/9/9a/kpro29mq9ylcw3rsizoykllawhufiji.png/82px-%E5%A4%B4%E5%83%8F_%E8%BE%89%E5%A4%9C.png
辉夜,月之贤人,3994,290,534,271,319,149,1000,30,150,90,90,20,https://patchwiki.biligame.com/images/langrisser/thumb/9/9a/kpro29mq9ylcw3rsizoykllawhufiji.png/82px-%E5%A4%B4%E5%83%8F_%E8%BE%89%E5%A4%9C.png
霍夫曼,盾剑统帅,4783,575,258,350,291,140,1000,150,30,90,90,20,https://patchwiki.biligame.com/images/langrisser/thumb/d/d9/im0u6v5w47uw5zu2t9yv8n75qvvst0t.png/82px-%E5%A4%B4%E5%83%8F_%E9%9C%8D%E5%A4%AB%E6%9B%BC.png
霍夫曼,翼盾元帅,4783,575,258,359,269,140,1000,150,30,90,90,20,https://patchwiki.biligame.com/images/langrisser/thumb/d/d9/im0u6v5w47uw5zu2t9yv8n75qvvst0t.png/82px-%E5%A4%B4%E5%83%8F_%E9%9C%8D%E5%A4%AB%E6%9B%BC.png
基斯,龙骑统帅,3657,486,230,263,311,152,1000,150,30,90,90,20,https://patchwiki.biligame.com/images/langrisser/thumb/9/9d/lged0l96zsfm22qvvg9daamtwl6wk79.png/82px-%E5%A4%B4%E5%83%8F_%E5%9F%BA%E6%96%AF.png
基扎洛夫,魔导元帅,3845,258,514,265,361,105,1000,30,150,90,90,20,https://patchwiki.biligame.com/images/langrisser/thumb/d/d5/04x2i6z09i82m8hpptjsdumf6fh8i81.png/82px-%E5%A4%B4%E5%83%8F_%E5%9F%BA%E6%89%8E%E6%B4%9B%E5%A4%AB.png
基扎洛夫,科学狂人,3548,310,484,285,315,105,1000,30,150,90,90,20,https://patchwiki.biligame.com/images/langrisser/thumb/d/d5/04x2i6z09i82m8hpptjsdumf6fh8i81.png/82px-%E5%A4%B4%E5%83%8F_%E5%9F%BA%E6%89%8E%E6%B4%9B%E5%A4%AB.png
迦游罗,星丽剑姬,3322,262,534,227,389,137,1000,30,150,90,90,20,https://patchwiki.biligame.com/images/langrisser/thumb/c/cd/4nqbroey9lvdxcsqu7lnrrjgbuf2l49.png/82px-%E5%A4%B4%E5%83%8F_%E8%BF%A6%E6%B8%B8%E7%BD%97.png
迦游罗,净地末裔,3322,316,503,227,399,137,1000,30,150,90,90,20,https://patchwiki.biligame.com/images/langrisser/thumb/c/cd/4nqbroey9lvdxcsqu7lnrrjgbuf2l49.png/82px-%E5%A4%B4%E5%83%8F_%E8%BF%A6%E6%B8%B8%E7%BD%97.png
剑部武一郎,剑圣,4253,588,244,302,253,215,1000,150,30,90,90,20,https://patchwiki.biligame.com/images/langrisser/thumb/8/89/luap4npzrwqj2mpphfyfh0xaxg4o3bq.png/82px-%E5%A4%B4%E5%83%8F_%E5%89%91%E9%83%A8%E6%AD%A6%E4%B8%80%E9%83%8E.png
剑部武一郎,战王丸,4531,558,222,325,201,164,1000,150,30,90,90,20,https://patchwiki.biligame.com/images/langrisser/thumb/8/89/luap4npzrwqj2mpphfyfh0xaxg4o3bq.png/82px-%E5%A4%B4%E5%83%8F_%E5%89%91%E9%83%A8%E6%AD%A6%E4%B8%80%E9%83%8E.png
降生之光,裁决威光,3308,262,563,245,395,96,1000,30,150,90,90,20,https://patchwiki.biligame.com/images/langrisser/thumb/0/0b/nwi2l4pcydy4kzi9camr7u2mm18d4ve.png/82px-%E5%A4%B4%E5%83%8F_%E9%99%8D%E7%94%9F%E4%B9%8B%E5%85%89.png
降生之光,圣者,3471,316,532,265,395,96,1000,30,150,90,90,20,https://patchwiki.biligame.com/images/langrisser/thumb/0/0b/nwi2l4pcydy4kzi9camr7u2mm18d4ve.png/82px-%E5%A4%B4%E5%83%8F_%E9%99%8D%E7%94%9F%E4%B9%8B%E5%85%89.png
杰克船长,剑斗统帅,4057,552,269,314,271,153,1000,150,30,90,90,20,https://patchwiki.biligame.com/images/langrisser/thumb/f/f7/8selpay4rr2s4sr5bksydnc5ijv4tot.png/82px-%E5%A4%B4%E5%83%8F_%E6%9D%B0%E5%85%8B%E8%88%B9%E9%95%BF.png
杰克船长,穹海纵横王,4387,525,324,326,271,129,1000,150,30,90,90,20,https://patchwiki.biligame.com/images/langrisser/thumb/f/f7/8selpay4rr2s4sr5bksydnc5ijv4tot.png/82px-%E5%A4%B4%E5%83%8F_%E6%9D%B0%E5%85%8B%E8%88%B9%E9%95%BF.png
杰利奥鲁&蕾拉,黑骑士,3925,531,417,302,280,118,800,150,110,90,90,20,https://patchwiki.biligame.com/images/langrisser/thumb/3/31/lm8wtnk8j7x29jmpkqnr0yvdvwiembu.png/82px-%E5%A4%B4%E5%83%8F_%E6%9D%B0%E5%88%A9%E5%A5%A5%E9%B2%81%26%E8%95%BE%E6%8B%89.png
杰利奥鲁&蕾拉,皇家特使,3455,501,480,270,338,91,800,150,110,90,90,20,https://patchwiki.biligame.com/images/langrisser/thumb/3/31/lm8wtnk8j7x29jmpkqnr0yvdvwiembu.png/82px-%E5%A4%B4%E5%83%8F_%E6%9D%B0%E5%88%A9%E5%A5%A5%E9%B2%81%26%E8%95%BE%E6%8B%89.png
杰路刚帝士,精灵魔导士,3935,253,554,284,350,100,1000,30,150,90,90,20,https://patchwiki.biligame.com/images/langrisser/thumb/6/6f/bpn0tcsb2a0ek7v7o2iz6i4vdq8m5l9.png/82px-%E5%A4%B4%E5%83%8F_%E6%9D%B0%E8%B7%AF%E5%88%9A%E5%B8%9D%E5%A3%AB.png
杰路刚帝士,精灵剑士/杰路刚帝士,4434,280,584,319,276,131,1000,30,150,90,90,20,https://patchwiki.biligame.com/images/langrisser/thumb/6/6f/bpn0tcsb2a0ek7v7o2iz6i4vdq8m5l9.png/82px-%E5%A4%B4%E5%83%8F_%E6%9D%B0%E8%B7%AF%E5%88%9A%E5%B8%9D%E5%A3%AB.png
杰斯,巫师,3449,253,575,235,366,115,1000,30,150,90,90,20,https://patchwiki.biligame.com/images/langrisser/thumb/d/db/324wxbtm84voy92lmuytl67z33kf4js.png/82px-%E5%A4%B4%E5%83%8F_%E6%9D%B0%E6%96%AF.png
杰斯,圣者,3614,305,542,255,366,115,1000,30,150,90,90,20,https://patchwiki.biligame.com/images/langrisser/thumb/d/db/324wxbtm84voy92lmuytl67z33kf4js.png/82px-%E5%A4%B4%E5%83%8F_%E6%9D%B0%E6%96%AF.png
杰西卡,巫师,2931,242,471,219,369,77,1000,30,150,90,90,20,https://patchwiki.biligame.com/images/langrisser/thumb/a/ab/se9kl5qgtl2rr4mpv59a90r7ke2eega.png/82px-%E5%A4%B4%E5%83%8F_%E6%9D%B0%E8%A5%BF%E5%8D%A1.png
卷岛颚人,黑色巨神殖装,4299,560,260,330,280,130,1000,150,30,90,90,20,https://patchwiki.biligame.com/images/langrisser/thumb/f/fc/2bncdiqi5dg7go8srtyyvn373r6dte0.png/82px-%E5%A4%B4%E5%83%8F_%E5%8D%B7%E5%B2%9B%E9%A2%9A%E4%BA%BA.png
卡洛莉安,机械骁骑,4692,569,233,299,283,120,1000,150,30,90,90,20,https://patchwiki.biligame.com/images/langrisser/thumb/9/9c/j5a74mdgucoqx0g1fb0ei2otdv85btu.png/82px-%E5%A4%B4%E5%83%8F_%E5%8D%A1%E6%B4%9B%E8%8E%89%E5%AE%89.png
卡洛莉安,突击骑士,4375,601,233,287,255,120,1000,150,30,90,90,20,https://patchwiki.biligame.com/images/langrisser/thumb/9/9c/j5a74mdgucoqx0g1fb0ei2otdv85btu.png/82px-%E5%A4%B4%E5%83%8F_%E5%8D%A1%E6%B4%9B%E8%8E%89%E5%AE%89.png
凯尔蒂斯,断末魔之主,4295,269,588,270,362,112,1000,30,150,90,90,20,https://patchwiki.biligame.com/images/langrisser/thumb/9/96/j3s5ofhki34b4fvspr0l34czjrrab3j.png/82px-%E5%A4%B4%E5%83%8F_%E5%87%AF%E5%B0%94%E8%92%82%E6%96%AF.png
凯尔蒂斯,巫师,3816,269,559,250,362,86,1000,30,150,90,90,20,https://patchwiki.biligame.com/images/langrisser/thumb/9/96/j3s5ofhki34b4fvspr0l34czjrrab3j.png/82px-%E5%A4%B4%E5%83%8F_%E5%87%AF%E5%B0%94%E8%92%82%E6%96%AF.png
科洛丝,女武神,3987,305,522,308,327,101,1000,30,150,90,90,20,https://patchwiki.biligame.com/images/langrisser/thumb/8/8b/gtkfprwfe7n4aju8o66x6w2ba7y02gz.png/82px-%E5%A4%B4%E5%83%8F_%E7%A7%91%E6%B4%9B%E4%B8%9D.png
科洛丝,利贝尔女王,3700,305,548,297,303,152,1000,30,150,90,90,20,https://patchwiki.biligame.com/images/langrisser/thumb/8/8b/gtkfprwfe7n4aju8o66x6w2ba7y02gz.png/82px-%E5%A4%B4%E5%83%8F_%E7%A7%91%E6%B4%9B%E4%B8%9D.png
壳中少女,灵能破坏者,4073,256,580,228,379,140,1000,30,150,90,90,20,https://patchwiki.biligame.com/images/langrisser/thumb/3/32/mxbkzb53ut2ugd6fqp7d3vfmdmzo4mo.png/82px-%E5%A4%B4%E5%83%8F_%E5%A3%B3%E4%B8%AD%E5%B0%91%E5%A5%B3.png
壳中少女,巫师,3586,256,580,237,370,111,1000,30,150,90,90,20,https://patchwiki.biligame.com/images/langrisser/thumb/3/32/mxbkzb53ut2ugd6fqp7d3vfmdmzo4mo.png/82px-%E5%A4%B4%E5%83%8F_%E5%A3%B3%E4%B8%AD%E5%B0%91%E5%A5%B3.png
克拉蕾特,龙骑统帅,4100,607,216,298,325,182,1000,150,30,90,90,20,https://patchwiki.biligame.com/images/langrisser/thumb/2/27/4qo82a6ts0f3n2ktrywwuvk7nicbicw.png/82px-%E5%A4%B4%E5%83%8F_%E5%85%8B%E6%8B%89%E8%95%BE%E7%89%B9.png
克拉蕾特,剑姬,4419,607,237,298,290,234,1000,150,30,90,90,20,https://patchwiki.biligame.com/images/langrisser/thumb/2/27/4qo82a6ts0f3n2ktrywwuvk7nicbicw.png/82px-%E5%A4%B4%E5%83%8F_%E5%85%8B%E6%8B%89%E8%95%BE%E7%89%B9.png
克里斯蒂安妮,皇家骑士,4991,476,247,308,340,110,1000,150,30,90,90,20,https://patchwiki.biligame.com/images/langrisser/thumb/d/d8/7xajop9epjb798qqzm8nf024aaumh1y.png/82px-%E5%A4%B4%E5%83%8F_%E5%85%8B%E9%87%8C%E6%96%AF%E8%92%82%E5%AE%89%E5%A6%AE.png
克里斯蒂安妮,皇家盾卫,5307,476,247,356,340,99,1000,150,30,90,90,20,https://patchwiki.biligame.com/images/langrisser/thumb/d/d8/7xajop9epjb798qqzm8nf024aaumh1y.png/82px-%E5%A4%B4%E5%83%8F_%E5%85%8B%E9%87%8C%E6%96%AF%E8%92%82%E5%AE%89%E5%A6%AE.png
克丽丝,女武神,4060,305,506,300,351,97,1000,30,150,90,90,20,https://patchwiki.biligame.com/images/langrisser/thumb/a/a2/38d3dh8otc99brjdses1y626cugehbl.png/82px-%E5%A4%B4%E5%83%8F_%E5%85%8B%E4%B8%BD%E4%B8%9D.png
克丽丝,公主,3343,332,478,269,382,83,1000,30,150,90,90,20,https://patchwiki.biligame.com/images/langrisser/thumb/a/a2/38d3dh8otc99brjdses1y626cugehbl.png/82px-%E5%A4%B4%E5%83%8F_%E5%85%8B%E4%B8%BD%E4%B8%9D.png
克洛泰尔,炎剑统帅,4281,525,485,332,301,113,800,150,110,90,90,20,https://patchwiki.biligame.com/images/langrisser/thumb/6/60/io09to08d9zgwxln0w9o6nmb5g7u15p.png/82px-%E5%A4%B4%E5%83%8F_%E5%85%8B%E6%B4%9B%E6%B3%B0%E5%B0%94.png
克洛泰尔,炎晶魔导师,3654,495,515,306,312,113,800,150,110,90,90,20,https://patchwiki.biligame.com/images/langrisser/thumb/6/60/io09to08d9zgwxln0w9o6nmb5g7u15p.png/82px-%E5%A4%B4%E5%83%8F_%E5%85%8B%E6%B4%9B%E6%B3%B0%E5%B0%94.png
拉姆达,巫师,3190,256,551,225,417,103,1000,30,150,90,90,20,https://patchwiki.biligame.com/images/langrisser/thumb/4/4f/agcld1qnjjaooake0igzlxirsfqtiwn.png/82px-%E5%A4%B4%E5%83%8F_%E6%8B%89%E5%A7%86%E8%BE%BE.png
拉姆达,木贤者,3190,307,551,225,394,103,1000,30,150,90,90,20,https://patchwiki.biligame.com/images/langrisser/thumb/4/4f/agcld1qnjjaooake0igzlxirsfqtiwn.png/82px-%E5%A4%B4%E5%83%8F_%E6%8B%89%E5%A7%86%E8%BE%BE.png
拉娜,裁罪圣者,3925,290,590,265,362,167,1000,30,150,90,90,20,https://patchwiki.biligame.com/images/langrisser/thumb/d/df/062movwycz7rlrk6o3lxz3feepgvdp0.png/82px-%E5%A4%B4%E5%83%8F_%E6%8B%89%E5%A8%9C.png
拉娜,圣者,3503,316,523,265,401,96,1000,30,150,90,90,20,https://patchwiki.biligame.com/images/langrisser/thumb/d/df/062movwycz7rlrk6o3lxz3feepgvdp0.png/82px-%E5%A4%B4%E5%83%8F_%E6%8B%89%E5%A8%9C.png
拉娜,黑暗公主,3340,262,554,245,401,96,1000,30,150,90,90,20,https://patchwiki.biligame.com/images/langrisser/thumb/d/df/062movwycz7rlrk6o3lxz3feepgvdp0.png/82px-%E5%A4%B4%E5%83%8F_%E6%8B%89%E5%A8%9C.png
莱恩哈特,剑帝,4754,549,294,353,301,116,1000,150,30,90,90,20,https://patchwiki.biligame.com/images/langrisser/thumb/b/bd/1ibkmmaqxvdkt6rmz6pchgv7oq75niq.png/82px-%E5%A4%B4%E5%83%8F_%E8%8E%B1%E6%81%A9%E5%93%88%E7%89%B9.png
莱恩哈特,修罗,4448,579,294,327,280,130,1000,150,30,90,90,20,https://patchwiki.biligame.com/images/langrisser/thumb/b/bd/1ibkmmaqxvdkt6rmz6pchgv7oq75niq.png/82px-%E5%A4%B4%E5%83%8F_%E8%8E%B1%E6%81%A9%E5%93%88%E7%89%B9.png
兰迪乌斯,魔能圣骑,5494,581,247,330,267,135,1000,150,30,90,90,20,https://patchwiki.biligame.com/images/langrisser/thumb/0/05/lmr3rr73o8p60n621hkf7fusgf1uphx.png/82px-%E5%A4%B4%E5%83%8F_%E5%85%B0%E8%BF%AA%E4%B9%8C%E6%96%AF.png
兰迪乌斯,大元帅,5344,534,247,341,211,118,1000,150,30,90,90,20,https://patchwiki.biligame.com/images/langrisser/thumb/0/05/lmr3rr73o8p60n621hkf7fusgf1uphx.png/82px-%E5%A4%B4%E5%83%8F_%E5%85%B0%E8%BF%AA%E4%B9%8C%E6%96%AF.png
兰迪乌斯,皇家骑士,5032,563,247,295,265,132,1000,150,30,90,90,20,https://patchwiki.biligame.com/images/langrisser/thumb/0/05/lmr3rr73o8p60n621hkf7fusgf1uphx.png/82px-%E5%A4%B4%E5%83%8F_%E5%85%B0%E8%BF%AA%E4%B9%8C%E6%96%AF.png
兰芳特,崇辉智将,4656,554,247,302,332,231,1000,150,30,90,90,20,https://patchwiki.biligame.com/images/langrisser/thumb/8/85/6jijgjn1o8ojlib03fw9d4w8gsfmmwv.png/82px-%E5%A4%B4%E5%83%8F_%E5%85%B0%E8%8A%B3%E7%89%B9.png
兰芳特,剑圣,4691,582,271,307,276,251,1000,150,30,90,90,20,https://patchwiki.biligame.com/images/langrisser/thumb/8/85/6jijgjn1o8ojlib03fw9d4w8gsfmmwv.png/82px-%E5%A4%B4%E5%83%8F_%E5%85%B0%E8%8A%B3%E7%89%B9.png
兰芳特,骑士统帅,4691,551,247,307,276,147,1000,150,30,90,90,20,https://patchwiki.biligame.com/images/langrisser/thumb/8/85/6jijgjn1o8ojlib03fw9d4w8gsfmmwv.png/82px-%E5%A4%B4%E5%83%8F_%E5%85%B0%E8%8A%B3%E7%89%B9.png
兰斯,皇家骑士,4176,523,251,272,281,132,1000,150,30,90,90,20,https://patchwiki.biligame.com/images/langrisser/thumb/0/0c/k2hk4wye093nopu4e50ghnhtx6ea5dy.png/82px-%E5%A4%B4%E5%83%8F_%E5%85%B0%E6%96%AF.png
兰斯,龙骑统帅,3884,551,251,272,315,171,1000,150,30,90,90,20,https://patchwiki.biligame.com/images/langrisser/thumb/0/0c/k2hk4wye093nopu4e50ghnhtx6ea5dy.png/82px-%E5%A4%B4%E5%83%8F_%E5%85%B0%E6%96%AF.png
雷丁,神选君王,5316,449,300,367,333,102,1000,150,30,90,90,20,https://patchwiki.biligame.com/images/langrisser/thumb/3/3a/39f4glin9p3ifhvmwuundpg56bpnl9t.png/82px-%E5%A4%B4%E5%83%8F_%E9%9B%B7%E4%B8%81.png
雷丁,圣骑统帅,5291,434,300,352,316,102,1000,150,30,90,90,20,https://patchwiki.biligame.com/images/langrisser/thumb/3/3a/39f4glin9p3ifhvmwuundpg56bpnl9t.png/82px-%E5%A4%B4%E5%83%8F_%E9%9B%B7%E4%B8%81.png
雷丁,王者,5607,498,271,375,279,117,1000,150,30,90,90,20,https://patchwiki.biligame.com/images/langrisser/thumb/3/3a/39f4glin9p3ifhvmwuundpg56bpnl9t.png/82px-%E5%A4%B4%E5%83%8F_%E9%9B%B7%E4%B8%81.png
雷因法鲁斯,剑圣,4370,588,294,305,293,273,1000,150,30,90,90,20,https://patchwiki.biligame.com/images/langrisser/thumb/5/53/cje75b32hrtw3u2wye830mcdrmkjzo1.png/82px-%E5%A4%B4%E5%83%8F_%E9%9B%B7%E5%9B%A0%E6%B3%95%E9%B2%81%E6%96%AF.png
雷因法鲁斯,异星王子,4056,530,294,293,273,316,1000,150,30,90,90,20,https://patchwiki.biligame.com/images/langrisser/thumb/5/53/cje75b32hrtw3u2wye830mcdrmkjzo1.png/82px-%E5%A4%B4%E5%83%8F_%E9%9B%B7%E5%9B%A0%E6%B3%95%E9%B2%81%E6%96%AF.png
蕾蒂西亚,骑士统帅,3875,457,226,267,237,116,1000,150,30,90,90,20,https://patchwiki.biligame.com/images/langrisser/thumb/1/1d/dwcg677fgezr33w6qyuio7x69rlc6tm.png/82px-%E5%A4%B4%E5%83%8F_%E8%95%BE%E8%92%82%E8%A5%BF%E4%BA%9A.png
蕾伽尔,魔能核心,3838,267,516,239,423,117,1000,30,150,90,90,20,https://patchwiki.biligame.com/images/langrisser/thumb/d/db/904xq40ftxji45iekf1lbdk82d7pr4s.png/82px-%E5%A4%B4%E5%83%8F_%E8%95%BE%E4%BC%BD%E5%B0%94.png
蕾伽尔,神使,3355,321,487,248,423,90,1000,30,150,90,90,20,https://patchwiki.biligame.com/images/langrisser/thumb/d/db/904xq40ftxji45iekf1lbdk82d7pr4s.png/82px-%E5%A4%B4%E5%83%8F_%E8%95%BE%E4%BC%BD%E5%B0%94.png
蕾娜塔,斗神,4756,576,233,326,237,184,1000,150,30,90,90,20,https://patchwiki.biligame.com/images/langrisser/thumb/f/f2/70ibya785nlcoyt62dn4tkop6k821bn.png/82px-%E5%A4%B4%E5%83%8F_%E8%95%BE%E5%A8%9C%E5%A1%94.png
蕾娜塔,龙族统帅,4444,607,233,326,301,128,1000,150,30,90,90,20,https://patchwiki.biligame.com/images/langrisser/thumb/f/f2/70ibya785nlcoyt62dn4tkop6k821bn.png/82px-%E5%A4%B4%E5%83%8F_%E8%95%BE%E5%A8%9C%E5%A1%94.png
黎恩,剑圣,4538,585,283,320,289,231,1000,150,30,90,90,20,https://patchwiki.biligame.com/images/langrisser/thumb/a/ac/717rz7u6kop9zgafwhmaa1plth9g528.png/82px-%E5%A4%B4%E5%83%8F_%E9%BB%8E%E6%81%A9.png
黎恩,灰之英雄,4538,555,283,346,289,159,1000,150,30,90,90,20,https://patchwiki.biligame.com/images/langrisser/thumb/a/ac/717rz7u6kop9zgafwhmaa1plth9g528.png/82px-%E5%A4%B4%E5%83%8F_%E9%BB%8E%E6%81%A9.png
里奥贝克,巫师,3570,262,542,265,368,88,1000,30,150,90,90,20,https://patchwiki.biligame.com/images/langrisser/thumb/c/c3/g0dysc5hcqt4200909mekhn4tgadm9q.png/82px-%E5%A4%B4%E5%83%8F_%E9%87%8C%E5%A5%A5%E8%B4%9D%E5%85%8B.png
里奥贝克,死灵君王,4030,262,570,285,368,115,1000,30,150,90,90,20,https://patchwiki.biligame.com/images/langrisser/thumb/c/c3/g0dysc5hcqt4200909mekhn4tgadm9q.png/82px-%E5%A4%B4%E5%83%8F_%E9%87%8C%E5%A5%A5%E8%B4%9D%E5%85%8B.png
里奇,英雄,4840,562,247,368,272,151,1000,150,30,90,90,20,https://patchwiki.biligame.com/images/langrisser/thumb/8/81/ptjm6uds3xuzr3xt8q9b5avonerqrua.png/82px-%E5%A4%B4%E5%83%8F_%E9%87%8C%E5%A5%87.png
里奇,大元帅,5152,534,224,391,218,114,1000,150,30,90,90,20,https://patchwiki.biligame.com/images/langrisser/thumb/8/81/ptjm6uds3xuzr3xt8q9b5avonerqrua.png/82px-%E5%A4%B4%E5%83%8F_%E9%87%8C%E5%A5%87.png
丽可丽丝,魔王化身,3920,267,509,263,400,117,1000,30,150,90,90,20,https://patchwiki.biligame.com/images/langrisser/thumb/9/9b/k8nqyhldrs7q6gr5a5ekfbw33p4dvtu.png/82px-%E5%A4%B4%E5%83%8F_%E4%B8%BD%E5%8F%AF%E4%B8%BD%E4%B8%9D.png
丽可丽丝,影依圣女,3606,267,480,254,400,117,1000,30,150,90,90,20,https://patchwiki.biligame.com/images/langrisser/thumb/9/9b/k8nqyhldrs7q6gr5a5ekfbw33p4dvtu.png/82px-%E5%A4%B4%E5%83%8F_%E4%B8%BD%E5%8F%AF%E4%B8%BD%E4%B8%9D.png
丽莎,独行义侠,3937,520,226,268,263,300,1000,150,30,90,90,20,https://patchwiki.biligame.com/images/langrisser/thumb/9/98/o8b6z3o2yc5y0c5poa9snloicjvrl9o.png/82px-%E5%A4%B4%E5%83%8F_%E4%B8%BD%E8%8E%8E.png
丽莎,游侠,3645,520,226,240,319,229,1000,150,30,90,90,20,https://patchwiki.biligame.com/images/langrisser/thumb/9/98/o8b6z3o2yc5y0c5poa9snloicjvrl9o.png/82px-%E5%A4%B4%E5%83%8F_%E4%B8%BD%E8%8E%8E.png
利昂,湮黯青龙,4929,623,233,300,280,130,1000,150,30,90,90,20,https://patchwiki.biligame.com/images/langrisser/thumb/7/73/l515yoiazl4hal3o2f330umolcuc2a3.png/82px-%E5%A4%B4%E5%83%8F_%E5%88%A9%E6%98%82.png
利昂,突击骑士,4369,620,233,270,251,130,1000,150,30,90,90,20,https://patchwiki.biligame.com/images/langrisser/thumb/7/73/l515yoiazl4hal3o2f330umolcuc2a3.png/82px-%E5%A4%B4%E5%83%8F_%E5%88%A9%E6%98%82.png
利昂,皇家骑士,4690,589,233,281,280,130,1000,150,30,90,90,20,https://patchwiki.biligame.com/images/langrisser/thumb/7/73/l515yoiazl4hal3o2f330umolcuc2a3.png/82px-%E5%A4%B4%E5%83%8F_%E5%88%A9%E6%98%82.png
利斯塔,海骑统帅,4136,454,228,306,234,102,1000,150,30,90,90,20,https://patchwiki.biligame.com/images/langrisser/thumb/a/ab/05x0fz5y3pjsymeo3d3yuc6yyi0bibc.png/82px-%E5%A4%B4%E5%83%8F_%E5%88%A9%E6%96%AF%E5%A1%94.png
利亚特,骑士统帅,3853,476,206,269,221,109,1000,150,30,90,90,20,https://patchwiki.biligame.com/images/langrisser/thumb/0/0c/gh5nhunh0dx04n0lximbvrdv1q5kfq9.png/82px-%E5%A4%B4%E5%83%8F_%E5%88%A9%E4%BA%9A%E7%89%B9.png
莉法妮,隐士,3300,282,475,242,350,97,1000,30,150,90,90,20,https://patchwiki.biligame.com/images/langrisser/thumb/4/49/h4xwlbhjkrnijak3e3gzrwx0h9twa6k.png/82px-%E5%A4%B4%E5%83%8F_%E8%8E%89%E6%B3%95%E5%A6%AE.png
莉法妮,巫师,3155,256,505,242,372,83,1000,30,150,90,90,20,https://patchwiki.biligame.com/images/langrisser/thumb/4/49/h4xwlbhjkrnijak3e3gzrwx0h9twa6k.png/82px-%E5%A4%B4%E5%83%8F_%E8%8E%89%E6%B3%95%E5%A6%AE.png
莉娜,破龙魔导士,3665,251,588,271,322,112,1000,30,150,90,90,20,https://patchwiki.biligame.com/images/langrisser/thumb/e/ee/10geknvlpedu21sv1z6iby8rkl5xdjq.png/82px-%E5%A4%B4%E5%83%8F_%E8%8E%89%E5%A8%9C.png
莉娜,神灭魔剑士,3839,278,588,305,303,144,1000,30,150,90,90,20,https://patchwiki.biligame.com/images/langrisser/thumb/e/ee/10geknvlpedu21sv1z6iby8rkl5xdjq.png/82px-%E5%A4%B4%E5%83%8F_%E8%8E%89%E5%A8%9C.png
莉亚娜,先知,3853,321,408,275,408,88,1000,30,150,90,90,20,https://patchwiki.biligame.com/images/langrisser/thumb/8/83/l89nwmfhk9mhaj6dc3jg4bpu6l1u8pp.png/82px-%E5%A4%B4%E5%83%8F_%E8%8E%89%E4%BA%9A%E5%A8%9C.png
莉亚娜,隐士,4026,295,443,275,374,103,1000,30,150,90,90,20,https://patchwiki.biligame.com/images/langrisser/thumb/8/83/l89nwmfhk9mhaj6dc3jg4bpu6l1u8pp.png/82px-%E5%A4%B4%E5%83%8F_%E8%8E%89%E4%BA%9A%E5%A8%9C.png
玲,巫师,3170,262,552,267,378,96,1000,30,150,90,90,20,https://patchwiki.biligame.com/images/langrisser/thumb/6/69/su5oo15lt96hg1hr3cssk26uvmgq4ya.png/82px-%E5%A4%B4%E5%83%8F_%E7%8E%B2.png
玲,歼灭天使,3630,262,581,287,378,125,1000,30,150,90,90,20,https://patchwiki.biligame.com/images/langrisser/thumb/6/69/su5oo15lt96hg1hr3cssk26uvmgq4ya.png/82px-%E5%A4%B4%E5%83%8F_%E7%8E%B2.png
胧,斗神,4456,566,233,328,242,174,1000,150,30,90,90,20,https://patchwiki.biligame.com/images/langrisser/thumb/3/37/fvbodr6utnnsuffgkbxeyh5c76sj43y.png/82px-%E5%A4%B4%E5%83%8F_%E8%83%A7.png
胧,灵龙转生使,4770,566,256,302,308,101,1000,150,30,90,90,20,https://patchwiki.biligame.com/images/langrisser/thumb/3/37/fvbodr6utnnsuffgkbxeyh5c76sj43y.png/82px-%E5%A4%B4%E5%83%8F_%E8%83%A7.png
卢古耐尔,圣者,3633,327,482,268,377,96,1000,30,150,90,90,20,https://patchwiki.biligame.com/images/langrisser/thumb/6/68/a9tl3a02q5qbwlifti5czewffq486eo.png/82px-%E5%A4%B4%E5%83%8F_%E5%8D%A2%E5%8F%A4%E8%80%90%E5%B0%94.png
卢古耐尔,隐士,3633,300,482,248,357,111,1000,30,150,90,90,20,https://patchwiki.biligame.com/images/langrisser/thumb/6/68/a9tl3a02q5qbwlifti5czewffq486eo.png/82px-%E5%A4%B4%E5%83%8F_%E5%8D%A2%E5%8F%A4%E8%80%90%E5%B0%94.png
卢克蕾蒂娅,大主教,3648,316,568,247,401,96,1000,30,150,90,90,20,https://patchwiki.biligame.com/images/langrisser/thumb/e/e1/0pfz2y7gaxmdutxqjseey1h6am3hml4.png/82px-%E5%A4%B4%E5%83%8F_%E5%8D%A2%E5%85%8B%E8%95%BE%E8%92%82%E5%A8%85.png
卢克蕾蒂娅,隐士,3811,290,568,247,368,111,1000,30,150,90,90,20,https://patchwiki.biligame.com/images/langrisser/thumb/e/e1/0pfz2y7gaxmdutxqjseey1h6am3hml4.png/82px-%E5%A4%B4%E5%83%8F_%E5%8D%A2%E5%85%8B%E8%95%BE%E8%92%82%E5%A8%85.png
路因,源初的君王,4862,529,233,332,228,172,1000,150,30,90,90,20,https://patchwiki.biligame.com/images/langrisser/thumb/3/38/eghhf2euba83l6067tquwyrlvmovnhs.png/82px-%E5%A4%B4%E5%83%8F_%E8%B7%AF%E5%9B%A0.png
路因,剑士统帅,4028,504,237,295,255,137,1000,150,30,90,90,20,https://patchwiki.biligame.com/images/langrisser/thumb/3/38/eghhf2euba83l6067tquwyrlvmovnhs.png/82px-%E5%A4%B4%E5%83%8F_%E8%B7%AF%E5%9B%A0.png
露娜,弓骑统帅,4056,483,295,264,366,189,1000,150,30,90,90,20,https://patchwiki.biligame.com/images/langrisser/thumb/f/fa/k40j9bbgcjzhg7znr5c8mc185myeq4f.png/82px-%E5%A4%B4%E5%83%8F_%E9%9C%B2%E5%A8%9C.png
露娜,圣天马统帅,4683,483,325,331,400,146,1000,150,30,90,90,20,https://patchwiki.biligame.com/images/langrisser/thumb/f/fa/k40j9bbgcjzhg7znr5c8mc185myeq4f.png/82px-%E5%A4%B4%E5%83%8F_%E9%9C%B2%E5%A8%9C.png
罗兰,辉耀的圣裁,4299,256,577,325,291,149,1000,30,150,90,90,20,https://patchwiki.biligame.com/images/langrisser/thumb/2/23/haauax4befva42wy2iv1d18fm1v42bn.png/82px-%E5%A4%B4%E5%83%8F_%E7%BD%97%E5%85%B0.png
罗兰,隐士,3964,283,542,273,325,99,1000,30,150,90,90,20,https://patchwiki.biligame.com/images/langrisser/thumb/2/23/haauax4befva42wy2iv1d18fm1v42bn.png/82px-%E5%A4%B4%E5%83%8F_%E7%BD%97%E5%85%B0.png
罗莎莉娅,银骑统帅,4841,578,271,263,308,125,1000,150,30,90,90,20,https://patchwiki.biligame.com/images/langrisser/thumb/a/ae/ruaeqbq95kcsi40sdf8rr7syww5f6ci.png/82px-%E5%A4%B4%E5%83%8F_%E7%BD%97%E8%8E%8E%E8%8E%89%E5%A8%85.png
罗莎莉娅,皇家骑士,4841,578,247,274,297,125,1000,150,30,90,90,20,https://patchwiki.biligame.com/images/langrisser/thumb/a/ae/ruaeqbq95kcsi40sdf8rr7syww5f6ci.png/82px-%E5%A4%B4%E5%83%8F_%E7%BD%97%E8%8E%8E%E8%8E%89%E5%A8%85.png
罗泽希尔,灵光圣女,3497,321,412,278,348,85,1000,30,150,90,90,20,https://patchwiki.biligame.com/images/langrisser/thumb/4/49/3nzpze1w5wx4l9birxvft5s6zvl4mxb.png/82px-%E5%A4%B4%E5%83%8F_%E7%BD%97%E6%B3%BD%E5%B8%8C%E5%B0%94.png
罗泽希尔,水晶女皇,3666,295,447,278,317,99,1000,30,150,90,90,20,https://patchwiki.biligame.com/images/langrisser/thumb/4/49/3nzpze1w5wx4l9birxvft5s6zvl4mxb.png/82px-%E5%A4%B4%E5%83%8F_%E7%BD%97%E6%B3%BD%E5%B8%8C%E5%B0%94.png
洛加,大统帅,3412,464,240,255,247,274,1000,150,30,90,90,20,https://patchwiki.biligame.com/images/langrisser/thumb/7/79/8xvv0kzdn0jsazhvpu1lwh61jb7ljs8.png/82px-%E5%A4%B4%E5%83%8F_%E6%B4%9B%E5%8A%A0.png
洛斯塔姆,沙海之王,4558,579,244,323,275,195,1000,150,30,90,90,20,https://patchwiki.biligame.com/images/langrisser/thumb/b/b2/sqvsmjmvaz7o3gr354m14mr0enavgu8.png/82px-%E5%A4%B4%E5%83%8F_%E6%B4%9B%E6%96%AF%E5%A1%94%E5%A7%86.png
洛斯塔姆,抗暴统帅,4248,549,244,288,255,320,1000,150,30,90,90,20,https://patchwiki.biligame.com/images/langrisser/thumb/b/b2/sqvsmjmvaz7o3gr354m14mr0enavgu8.png/82px-%E5%A4%B4%E5%83%8F_%E6%B4%9B%E6%96%AF%E5%A1%94%E5%A7%86.png
洛维奈尔大帝,皇帝,4576,577,237,347,268,157,1000,150,30,90,90,20,https://patchwiki.biligame.com/images/langrisser/thumb/5/50/gg5bonag9yq6cwzeymtuyzhyop7g4ba.png/82px-%E5%A4%B4%E5%83%8F_%E6%B4%9B%E7%BB%B4%E5%A5%88%E5%B0%94%E5%A4%A7%E5%B8%9D.png
洛维奈尔大帝,征伐骑士王,4576,577,216,323,268,132,1000,150,30,90,90,20,https://patchwiki.biligame.com/images/langrisser/thumb/5/50/gg5bonag9yq6cwzeymtuyzhyop7g4ba.png/82px-%E5%A4%B4%E5%83%8F_%E6%B4%9B%E7%BB%B4%E5%A5%88%E5%B0%94%E5%A4%A7%E5%B8%9D.png
马库雷,海骑统帅,4463,565,249,349,260,145,1000,150,30,90,90,20,https://patchwiki.biligame.com/images/langrisser/thumb/3/33/171hbd7hx7qfbsgegfwk3zw49f7koq5.png/82px-%E5%A4%B4%E5%83%8F_%E9%A9%AC%E5%BA%93%E9%9B%B7.png
马库雷,远行浪客,4139,535,274,311,260,300,1000,150,30,90,90,20,https://patchwiki.biligame.com/images/langrisser/thumb/3/33/171hbd7hx7qfbsgegfwk3zw49f7koq5.png/82px-%E5%A4%B4%E5%83%8F_%E9%A9%AC%E5%BA%93%E9%9B%B7.png
马修-龙骑统帅,孤刃逆旅,4678,572,243,327,283,180,1000,150,30,90,90,20,https://patchwiki.biligame.com/images/langrisser/thumb/3/30/ay987q7qu8w5472dfn7h9vk7ygrtt25.png/82px-%E5%A4%B4%E5%83%8F_%E9%A9%AC%E4%BF%AE.png
马修-龙骑统帅,英雄,4511,553,254,317,277,154,1000,150,30,90,90,20,https://patchwiki.biligame.com/images/langrisser/thumb/3/30/ay987q7qu8w5472dfn7h9vk7ygrtt25.png/82px-%E5%A4%B4%E5%83%8F_%E9%A9%AC%E4%BF%AE.png
马修-龙骑统帅,龙骑统帅,4202,553,231,293,310,171,1000,150,30,90,90,20,https://patchwiki.biligame.com/images/langrisser/thumb/3/30/ay987q7qu8w5472dfn7h9vk7ygrtt25.png/82px-%E5%A4%B4%E5%83%8F_%E9%A9%AC%E4%BF%AE.png
马修-突击骑士,孤刃逆旅,4630,579,243,327,283,180,1000,150,30,90,90,20,https://patchwiki.biligame.com/images/langrisser/thumb/3/30/ay987q7qu8w5472dfn7h9vk7ygrtt25.png/82px-%E5%A4%B4%E5%83%8F_%E9%A9%AC%E4%BF%AE.png
马修-突击骑士,突击骑士,4154,560,231,293,258,131,1000,150,30,90,90,20,https://patchwiki.biligame.com/images/langrisser/thumb/3/30/ay987q7qu8w5472dfn7h9vk7ygrtt25.png/82px-%E5%A4%B4%E5%83%8F_%E9%A9%AC%E4%BF%AE.png
马修-突击骑士,英雄,4463,560,254,317,277,154,1000,150,30,90,90,20,https://patchwiki.biligame.com/images/langrisser/thumb/3/30/ay987q7qu8w5472dfn7h9vk7ygrtt25.png/82px-%E5%A4%B4%E5%83%8F_%E9%A9%AC%E4%BF%AE.png
马修-影,孤刃逆旅,4630,557,243,327,273,204,1000,150,30,90,90,20,https://patchwiki.biligame.com/images/langrisser/thumb/3/30/ay987q7qu8w5472dfn7h9vk7ygrtt25.png/82px-%E5%A4%B4%E5%83%8F_%E9%A9%AC%E4%BF%AE.png
马修-影,影,4154,511,254,282,248,283,1000,150,30,90,90,20,https://patchwiki.biligame.com/images/langrisser/thumb/3/30/ay987q7qu8w5472dfn7h9vk7ygrtt25.png/82px-%E5%A4%B4%E5%83%8F_%E9%A9%AC%E4%BF%AE.png
马修-影,英雄,4463,538,254,317,267,178,1000,150,30,90,90,20,https://patchwiki.biligame.com/images/langrisser/thumb/3/30/ay987q7qu8w5472dfn7h9vk7ygrtt25.png/82px-%E5%A4%B4%E5%83%8F_%E9%A9%AC%E4%BF%AE.png
马修-游侠,孤刃逆旅,4678,584,243,327,273,182,1000,150,30,90,90,20,https://patchwiki.biligame.com/images/langrisser/thumb/3/30/ay987q7qu8w5472dfn7h9vk7ygrtt25.png/82px-%E5%A4%B4%E5%83%8F_%E9%A9%AC%E4%BF%AE.png
马修-游侠,游侠,3743,538,254,263,300,198,1000,150,30,90,90,20,https://patchwiki.biligame.com/images/langrisser/thumb/3/30/ay987q7qu8w5472dfn7h9vk7ygrtt25.png/82px-%E5%A4%B4%E5%83%8F_%E9%A9%AC%E4%BF%AE.png
马修-游侠,英雄,4511,565,254,317,267,156,1000,150,30,90,90,20,https://patchwiki.biligame.com/images/langrisser/thumb/3/30/ay987q7qu8w5472dfn7h9vk7ygrtt25.png/82px-%E5%A4%B4%E5%83%8F_%E9%A9%AC%E4%BF%AE.png
玛丽埃尔,异端裁决者,4083,576,290,325,339,138,1000,150,30,90,90,20,https://patchwiki.biligame.com/images/langrisser/thumb/1/16/24zh22yfz4ksxbrj13gnw68zyshfsyq.png/82px-%E5%A4%B4%E5%83%8F_%E7%8E%9B%E4%B8%BD%E5%9F%83%E5%B0%94.png
玛丽埃尔,赐圣僧侣,4404,547,290,351,339,138,1000,150,30,90,90,20,https://patchwiki.biligame.com/images/langrisser/thumb/1/16/24zh22yfz4ksxbrj13gnw68zyshfsyq.png/82px-%E5%A4%B4%E5%83%8F_%E7%8E%9B%E4%B8%BD%E5%9F%83%E5%B0%94.png
玛丽安蒂尔,玛娜导师,3615,256,570,247,377,92,1000,30,150,90,90,20,https://patchwiki.biligame.com/images/langrisser/thumb/7/76/fyagdo02jd0cu381la2zhk04694ugj7.png/82px-%E5%A4%B4%E5%83%8F_%E7%8E%9B%E4%B8%BD%E5%AE%89%E8%92%82%E5%B0%94.png
玛丽安蒂尔,原初祈求者,3615,307,570,247,354,92,1000,30,150,90,90,20,https://patchwiki.biligame.com/images/langrisser/thumb/7/76/fyagdo02jd0cu381la2zhk04694ugj7.png/82px-%E5%A4%B4%E5%83%8F_%E7%8E%9B%E4%B8%BD%E5%AE%89%E8%92%82%E5%B0%94.png
梅露帕妮,巫师,3171,276,502,237,357,83,1000,30,150,90,90,20,https://patchwiki.biligame.com/images/langrisser/thumb/5/56/ow8of2rkjoo012zejw0et7goa5t16hm.png/82px-%E5%A4%B4%E5%83%8F_%E6%A2%85%E9%9C%B2%E5%B8%95%E5%A6%AE.png
梅露帕妮,公主,3171,332,474,237,366,83,1000,30,150,90,90,20,https://patchwiki.biligame.com/images/langrisser/thumb/5/56/ow8of2rkjoo012zejw0et7goa5t16hm.png/82px-%E5%A4%B4%E5%83%8F_%E6%A2%85%E9%9C%B2%E5%B8%95%E5%A6%AE.png
梅雅,圣者,3443,314,514,262,389,104,1000,30,150,90,90,20,https://patchwiki.biligame.com/images/langrisser/thumb/8/80/exdbhqcbyu60cgrkdh926x6z255ribo.png/82px-%E5%A4%B4%E5%83%8F_%E6%A2%85%E9%9B%85.png
梅雅,皇家女仆,3279,263,544,242,389,104,1000,30,150,90,90,20,https://patchwiki.biligame.com/images/langrisser/thumb/8/80/exdbhqcbyu60cgrkdh926x6z255ribo.png/82px-%E5%A4%B4%E5%83%8F_%E6%A2%85%E9%9B%85.png
谜之骑士,法骑统帅,3762,295,559,321,286,127,1000,30,150,90,90,20,https://patchwiki.biligame.com/images/langrisser/thumb/3/33/pxmwwnviko4rw3vzanm0ootkvsrho0r.png/82px-%E5%A4%B4%E5%83%8F_%E8%B0%9C%E4%B9%8B%E9%AA%91%E5%A3%AB.png
谜之骑士,独角兽统帅,3762,295,502,321,306,127,1000,30,150,90,90,20,https://patchwiki.biligame.com/images/langrisser/thumb/3/33/pxmwwnviko4rw3vzanm0ootkvsrho0r.png/82px-%E5%A4%B4%E5%83%8F_%E8%B0%9C%E4%B9%8B%E9%AA%91%E5%A3%AB.png
米歇尔,魔铠斗将改,4885,583,226,357,242,172,1000,150,30,90,90,20,https://patchwiki.biligame.com/images/langrisser/thumb/5/54/rtajlaqvxcw30korshyqvyc6buq7wx6.png/82px-%E5%A4%B4%E5%83%8F_%E7%B1%B3%E6%AD%87%E5%B0%94.png
米歇尔,剑斗统帅,3948,583,249,319,277,154,1000,150,30,90,90,20,https://patchwiki.biligame.com/images/langrisser/thumb/5/54/rtajlaqvxcw30korshyqvyc6buq7wx6.png/82px-%E5%A4%B4%E5%83%8F_%E7%B1%B3%E6%AD%87%E5%B0%94.png
茉,木贤者,3401,307,554,237,378,96,1000,30,150,90,90,20,https://patchwiki.biligame.com/images/langrisser/thumb/6/6c/cnj4jmckzei0wpacc2rvqhy6awzanid.png/82px-%E5%A4%B4%E5%83%8F_%E8%8C%89.png
茉,巫师,3401,256,554,237,401,96,1000,30,150,90,90,20,https://patchwiki.biligame.com/images/langrisser/thumb/6/6c/cnj4jmckzei0wpacc2rvqhy6awzanid.png/82px-%E5%A4%B4%E5%83%8F_%E8%8C%89.png
娜姆,游侠将军,4370,543,222,290,341,139,1000,150,30,90,90,20,https://patchwiki.biligame.com/images/langrisser/thumb/c/c0/ccmgz1f37ushqz28xy5equqknv8njms.png/82px-%E5%A4%B4%E5%83%8F_%E5%A8%9C%E5%A7%86.png
娜姆,游侠,3336,488,244,242,341,208,1000,150,30,90,90,20,https://patchwiki.biligame.com/images/langrisser/thumb/c/c0/ccmgz1f37ushqz28xy5equqknv8njms.png/82px-%E5%A4%B4%E5%83%8F_%E5%A8%9C%E5%A7%86.png
娜姆,圣天马统帅,4042,488,270,294,371,163,1000,150,30,90,90,20,https://patchwiki.biligame.com/images/langrisser/thumb/c/c0/ccmgz1f37ushqz28xy5equqknv8njms.png/82px-%E5%A4%B4%E5%83%8F_%E5%A8%9C%E5%A7%86.png
奈米娅,游侠,3765,578,247,241,319,224,1000,150,30,90,90,20,https://patchwiki.biligame.com/images/langrisser/thumb/4/47/szc67tz9e2xir8v1jqib1glldwrdj90.png/82px-%E5%A4%B4%E5%83%8F_%E5%A5%88%E7%B1%B3%E5%A8%85.png
奈米娅,妖精之望,3765,578,247,270,295,253,1000,150,30,90,90,20,https://patchwiki.biligame.com/images/langrisser/thumb/4/47/szc67tz9e2xir8v1jqib1glldwrdj90.png/82px-%E5%A4%B4%E5%83%8F_%E5%A5%88%E7%B1%B3%E5%A8%85.png
妮丝蒂尔,魔神,4506,321,343,341,352,102,1000,30,150,90,90,20,https://patchwiki.biligame.com/images/langrisser/thumb/b/bf/hd5sh310capbob6pnqhxnieyputhghh.png/82px-%E5%A4%B4%E5%83%8F_%E5%A6%AE%E4%B8%9D%E8%92%82%E5%B0%94.png
妮丝蒂尔,血魔姬,4185,321,343,330,375,117,1000,30,150,90,90,20,https://patchwiki.biligame.com/images/langrisser/thumb/b/bf/hd5sh310capbob6pnqhxnieyputhghh.png/82px-%E5%A4%B4%E5%83%8F_%E5%A6%AE%E4%B8%9D%E8%92%82%E5%B0%94.png
宁芙,深海的风铃,3702,305,544,277,339,148,1000,30,150,90,90,20,https://patchwiki.biligame.com/images/langrisser/thumb/f/f5/d2hjnzh0knydvd91hqfggufaqauw16k.png/82px-%E5%A4%B4%E5%83%8F_%E5%AE%81%E8%8A%99.png
宁芙,幻逝谜伶,3702,305,544,289,308,110,1000,30,150,90,90,20,https://patchwiki.biligame.com/images/langrisser/thumb/f/f5/d2hjnzh0knydvd91hqfggufaqauw16k.png/82px-%E5%A4%B4%E5%83%8F_%E5%AE%81%E8%8A%99.png
诺埃米,织魔师,3503,316,517,272,344,125,1000,30,150,90,90,20,https://patchwiki.biligame.com/images/langrisser/thumb/8/82/1znnxrg6ok4xsd822408wu798g8x5gr.png/82px-%E5%A4%B4%E5%83%8F_%E8%AF%BA%E5%9F%83%E7%B1%B3.png
诺埃米,巫师,3340,262,547,252,393,96,1000,30,150,90,90,20,https://patchwiki.biligame.com/images/langrisser/thumb/8/82/1znnxrg6ok4xsd822408wu798g8x5gr.png/82px-%E5%A4%B4%E5%83%8F_%E8%AF%BA%E5%9F%83%E7%B1%B3.png
女神化身,圣者,3379,316,526,256,415,96,1000,30,150,90,90,20,https://patchwiki.biligame.com/images/langrisser/thumb/7/75/p6w9sqa4wob4kgfb1nx8q8irqjjzmgm.png/82px-%E5%A4%B4%E5%83%8F_%E5%A5%B3%E7%A5%9E%E5%8C%96%E8%BA%AB.png
女神化身,巫师,3218,262,558,237,415,96,1000,30,150,90,90,20,https://patchwiki.biligame.com/images/langrisser/thumb/7/75/p6w9sqa4wob4kgfb1nx8q8irqjjzmgm.png/82px-%E5%A4%B4%E5%83%8F_%E5%A5%B3%E7%A5%9E%E5%8C%96%E8%BA%AB.png
欧米伽,大统帅,4012,548,244,275,267,304,1000,150,30,90,90,20,https://patchwiki.biligame.com/images/langrisser/thumb/9/9d/cddhpwg2jhpahwi4v16yqi0ggtxt5uz.png/82px-%E5%A4%B4%E5%83%8F_%E6%AC%A7%E7%B1%B3%E4%BC%BD.png
欧米伽,游侠,3539,548,244,255,323,234,1000,150,30,90,90,20,https://patchwiki.biligame.com/images/langrisser/thumb/9/9d/cddhpwg2jhpahwi4v16yqi0ggtxt5uz.png/82px-%E5%A4%B4%E5%83%8F_%E6%AC%A7%E7%B1%B3%E4%BC%BD.png
帕恩,英雄,4428,550,254,319,255,143,1000,150,30,90,90,20,https://patchwiki.biligame.com/images/langrisser/thumb/c/cf/soncho8tct31a4a8k1iozzi0vs04dkr.png/82px-%E5%A4%B4%E5%83%8F_%E5%B8%95%E6%81%A9.png
帕恩,突击骑士,4116,579,231,284,228,121,1000,150,30,90,90,20,https://patchwiki.biligame.com/images/langrisser/thumb/c/cf/soncho8tct31a4a8k1iozzi0vs04dkr.png/82px-%E5%A4%B4%E5%83%8F_%E5%B8%95%E6%81%A9.png
帕特里夏,巫师,3304,260,586,260,371,90,1000,30,150,90,90,20,https://patchwiki.biligame.com/images/langrisser/thumb/e/e6/mtqmli9sd9ccujoj2us8wqoyw52toc7.png/82px-%E5%A4%B4%E5%83%8F_%E5%B8%95%E7%89%B9%E9%87%8C%E5%A4%8F.png
帕特里夏,赤冕法皇,3457,288,586,260,348,105,1000,30,150,90,90,20,https://patchwiki.biligame.com/images/langrisser/thumb/e/e6/mtqmli9sd9ccujoj2us8wqoyw52toc7.png/82px-%E5%A4%B4%E5%83%8F_%E5%B8%95%E7%89%B9%E9%87%8C%E5%A4%8F.png
帕希尔,循梦者,4034,262,579,293,354,125,1000,30,150,90,90,20,https://patchwiki.biligame.com/images/langrisser/thumb/d/df/1a40594qalfg0fs5vb99ieva92z0ht5.png/82px-%E5%A4%B4%E5%83%8F_%E5%B8%95%E5%B8%8C%E5%B0%94.png
帕希尔,血梦之主,3731,290,550,273,331,111,1000,30,150,90,90,20,https://patchwiki.biligame.com/images/langrisser/thumb/d/df/1a40594qalfg0fs5vb99ieva92z0ht5.png/82px-%E5%A4%B4%E5%83%8F_%E5%B8%95%E5%B8%8C%E5%B0%94.png
皮耶鲁,海骑统帅,4088,461,206,326,216,95,1000,150,30,90,90,20,https://patchwiki.biligame.com/images/langrisser/thumb/0/0d/94jdbwma534u3cqid893rar13kb3g05.png/82px-%E5%A4%B4%E5%83%8F_%E7%9A%AE%E8%80%B6%E9%B2%81.png
漂逐斗客,斗神,4749,557,235,337,240,171,1000,150,30,90,90,20,https://patchwiki.biligame.com/images/langrisser/thumb/6/61/kb8tuinnsq5cefv0ijh545ek06lwq5d.png/82px-%E5%A4%B4%E5%83%8F_%E6%BC%82%E9%80%90%E6%96%97%E5%AE%A2.png
漂逐斗客,龙骑统帅,4120,587,235,313,329,171,1000,150,30,90,90,20,https://patchwiki.biligame.com/images/langrisser/thumb/6/61/kb8tuinnsq5cefv0ijh545ek06lwq5d.png/82px-%E5%A4%B4%E5%83%8F_%E6%BC%82%E9%80%90%E6%96%97%E5%AE%A2.png
浦饭幽助,灵界侦探,3788,557,258,319,351,165,1000,150,30,90,90,20,https://patchwiki.biligame.com/images/langrisser/thumb/b/b0/463hqrea0q9obex2ex2ayb5moxa9ozz.png/82px-%E5%A4%B4%E5%83%8F_%E6%B5%A6%E9%A5%AD%E5%B9%BD%E5%8A%A9.png
浦饭幽助,魔界王选,4177,587,258,319,327,165,1000,150,30,90,90,20,https://patchwiki.biligame.com/images/langrisser/thumb/b/b0/463hqrea0q9obex2ex2ayb5moxa9ozz.png/82px-%E5%A4%B4%E5%83%8F_%E6%B5%A6%E9%A5%AD%E5%B9%BD%E5%8A%A9.png
普蕾茜娅,斗神,4649,599,249,350,201,153,1000,150,30,90,90,20,https://patchwiki.biligame.com/images/langrisser/thumb/c/c2/lair0sqeuuukuhdsg07q8c78wa4wvdb.png/82px-%E5%A4%B4%E5%83%8F_%E6%99%AE%E8%95%BE%E8%8C%9C%E5%A8%85.png
普蕾茜娅,贯时神珀,4359,570,274,350,249,104,1000,150,30,90,90,20,https://patchwiki.biligame.com/images/langrisser/thumb/c/c2/lair0sqeuuukuhdsg07q8c78wa4wvdb.png/82px-%E5%A4%B4%E5%83%8F_%E6%99%AE%E8%95%BE%E8%8C%9C%E5%A8%85.png
琼&康娜,机工统帅,3626,562,244,257,301,241,1000,150,30,90,90,20,https://patchwiki.biligame.com/images/langrisser/thumb/4/48/n5ijrt3mjcqy20vgx5d8astj2bx3n19.png/82px-%E5%A4%B4%E5%83%8F_%E7%90%BC%26%E5%BA%B7%E5%A8%9C.png
琼&康娜,科技铳士,3797,536,244,257,340,241,1000,150,30,90,90,20,https://patchwiki.biligame.com/images/langrisser/thumb/4/48/n5ijrt3mjcqy20vgx5d8astj2bx3n19.png/82px-%E5%A4%B4%E5%83%8F_%E7%90%BC%26%E5%BA%B7%E5%A8%9C.png
忍部火美子,忍部首领,3838,533,242,293,263,326,1000,150,30,90,90,20,https://patchwiki.biligame.com/images/langrisser/thumb/8/82/7qb9xcpgl3rstqkz5pe11qk7g4alggu.png/82px-%E5%A4%B4%E5%83%8F_%E5%BF%8D%E9%83%A8%E7%81%AB%E7%BE%8E%E5%AD%90.png
忍部火美子,幻王丸,3838,533,242,293,263,326,1000,150,30,90,90,20,https://patchwiki.biligame.com/images/langrisser/thumb/8/82/7qb9xcpgl3rstqkz5pe11qk7g4alggu.png/82px-%E5%A4%B4%E5%83%8F_%E5%BF%8D%E9%83%A8%E7%81%AB%E7%BE%8E%E5%AD%90.png
萨格尼,致真者,3429,321,589,255,393,98,1000,30,150,90,90,20,https://patchwiki.biligame.com/images/langrisser/thumb/3/30/1gk804p0713lr4spytdbg2ulrqk72pf.png/82px-%E5%A4%B4%E5%83%8F_%E8%90%A8%E6%A0%BC%E5%B0%BC.png
萨格尼,先知,3272,321,589,255,403,98,1000,30,150,90,90,20,https://patchwiki.biligame.com/images/langrisser/thumb/3/30/1gk804p0713lr4spytdbg2ulrqk72pf.png/82px-%E5%A4%B4%E5%83%8F_%E8%90%A8%E6%A0%BC%E5%B0%BC.png
塞贝莉雅,三星,3848,515,240,316,265,153,1000,150,30,90,90,20,https://patchwiki.biligame.com/images/langrisser/thumb/0/0b/11kaowc5rku070dv6wknky97i2ew867.png/82px-%E5%A4%B4%E5%83%8F_%E5%A1%9E%E8%B4%9D%E8%8E%89%E9%9B%85.png
塞贝莉雅,真深蓝魔女,3556,542,240,279,245,314,1000,150,30,90,90,20,https://patchwiki.biligame.com/images/langrisser/thumb/0/0b/11kaowc5rku070dv6wknky97i2ew867.png/82px-%E5%A4%B4%E5%83%8F_%E5%A1%9E%E8%B4%9D%E8%8E%89%E9%9B%85.png
塞拉菲娜,剑士统帅,4545,582,258,336,281,201,1000,150,30,90,90,20,https://patchwiki.biligame.com/images/langrisser/thumb/5/50/690j1v16o3wyv4b90n4d7eo00kxu3q2.png/82px-%E5%A4%B4%E5%83%8F_%E5%A1%9E%E6%8B%89%E8%8F%B2%E5%A8%9C.png
塞拉菲娜,暗楔女统帅,4218,552,258,299,261,327,1000,150,30,90,90,20,https://patchwiki.biligame.com/images/langrisser/thumb/5/50/690j1v16o3wyv4b90n4d7eo00kxu3q2.png/82px-%E5%A4%B4%E5%83%8F_%E5%A1%9E%E6%8B%89%E8%8F%B2%E5%A8%9C.png
塞蕾娜,盾剑统帅,4914,465,244,390,268,94,1000,150,30,90,90,20,https://patchwiki.biligame.com/images/langrisser/thumb/6/63/ipriwwe5y6kdyupptwxn86prw1rjblm.png/82px-%E5%A4%B4%E5%83%8F_%E5%A1%9E%E8%95%BE%E5%A8%9C.png
塞蕾娜,皇家卫士,5228,438,222,399,196,81,1000,150,30,90,90,20,https://patchwiki.biligame.com/images/langrisser/thumb/6/63/ipriwwe5y6kdyupptwxn86prw1rjblm.png/82px-%E5%A4%B4%E5%83%8F_%E5%A1%9E%E8%95%BE%E5%A8%9C.png
赛利卡,定律魔女,3732,359,556,271,326,124,1000,30,150,90,90,20,https://patchwiki.biligame.com/images/langrisser/thumb/8/8c/psixpn0f04b5tjfzs3o6bgzhgdkr1ow.png/82px-%E5%A4%B4%E5%83%8F_%E8%B5%9B%E5%88%A9%E5%8D%A1.png
赛利卡,格致者,3567,307,556,242,352,98,1000,30,150,90,90,20,https://patchwiki.biligame.com/images/langrisser/thumb/8/8c/psixpn0f04b5tjfzs3o6bgzhgdkr1ow.png/82px-%E5%A4%B4%E5%83%8F_%E8%B5%9B%E5%88%A9%E5%8D%A1.png
桑妮雅,黄金雷击姬,5136,549,258,394,278,117,1000,150,30,90,90,20,https://patchwiki.biligame.com/images/langrisser/thumb/b/b7/ksn6gjbzlsqxxu3725nknn116lmmu80.png/82px-%E5%A4%B4%E5%83%8F_%E6%A1%91%E5%A6%AE%E9%9B%85.png
桑妮雅,英雄,4815,578,258,370,278,154,1000,150,30,90,90,20,https://patchwiki.biligame.com/images/langrisser/thumb/b/b7/ksn6gjbzlsqxxu3725nknn116lmmu80.png/82px-%E5%A4%B4%E5%83%8F_%E6%A1%91%E5%A6%AE%E9%9B%85.png
桑原和真,灵剑斗将,4254,536,235,337,263,126,1000,150,30,90,90,20,https://patchwiki.biligame.com/images/langrisser/thumb/f/f6/3kzf8yzt3844r3gst1o47chpv8iefl9.png/82px-%E5%A4%B4%E5%83%8F_%E6%A1%91%E5%8E%9F%E5%92%8C%E7%9C%9F.png
桑原和真,灵枪斗士,4638,508,214,359,211,95,1000,150,30,90,90,20,https://patchwiki.biligame.com/images/langrisser/thumb/f/f6/3kzf8yzt3844r3gst1o47chpv8iefl9.png/82px-%E5%A4%B4%E5%83%8F_%E6%A1%91%E5%8E%9F%E5%92%8C%E7%9C%9F.png
深町晶,巨神殖装,4313,571,262,325,285,140,1000,150,30,90,90,20,https://patchwiki.biligame.com/images/langrisser/thumb/f/ff/gov59n8wpj6uf40k22y6bywqicrs5b8.png/82px-%E5%A4%B4%E5%83%8F_%E6%B7%B1%E7%94%BA%E6%99%B6.png
神降者,终焉之神降,4622,607,249,325,281,162,1000,150,30,90,90,20,https://patchwiki.biligame.com/images/langrisser/thumb/6/6b/hy2hmi4mokwknftqcsjrd7s23gddfgs.png/82px-%E5%A4%B4%E5%83%8F_%E7%A5%9E%E9%99%8D%E8%80%85.png
神降者,堕临之灾厄,4322,607,274,279,315,145,1000,150,30,90,90,20,https://patchwiki.biligame.com/images/langrisser/thumb/6/6b/hy2hmi4mokwknftqcsjrd7s23gddfgs.png/82px-%E5%A4%B4%E5%83%8F_%E7%A5%9E%E9%99%8D%E8%80%85.png
神乐,星海公主,5012,619,233,346,217,125,1000,150,30,90,90,20,https://patchwiki.biligame.com/images/langrisser/thumb/0/0c/ex2h7ddca8k9j0chx4tbb04n9vcruq4.png/82px-%E5%A4%B4%E5%83%8F_%E7%A5%9E%E4%B9%90.png
神乐,突击骑士,4379,619,233,309,241,125,1000,150,30,90,90,20,https://patchwiki.biligame.com/images/langrisser/thumb/0/0c/ex2h7ddca8k9j0chx4tbb04n9vcruq4.png/82px-%E5%A4%B4%E5%83%8F_%E7%A5%9E%E4%B9%90.png
神崎堇,光武·改,4767,566,233,331,245,120,1000,150,30,90,90,20,https://patchwiki.biligame.com/images/langrisser/thumb/4/4c/07ydk2jbyb04f4tnersf6bsxha4t82c.png/82px-%E5%A4%B4%E5%83%8F_%E7%A5%9E%E5%B4%8E%E5%A0%87.png
神崎堇,凤凰之舞,5083,566,233,378,193,107,1000,150,30,90,90,20,https://patchwiki.biligame.com/images/langrisser/thumb/4/4c/07ydk2jbyb04f4tnersf6bsxha4t82c.png/82px-%E5%A4%B4%E5%83%8F_%E7%A5%9E%E5%B4%8E%E5%A0%87.png
树之贤者,巫师,3279,256,544,250,370,92,1000,30,150,90,90,20,https://patchwiki.biligame.com/images/langrisser/thumb/4/42/jehi90x9mebcr9xdr9fnfrrsnkq4dtl.png/82px-%E5%A4%B4%E5%83%8F_%E6%A0%91%E4%B9%8B%E8%B4%A4%E8%80%85.png
树之贤者,大贤者,3279,307,544,250,348,92,1000,30,150,90,90,20,https://patchwiki.biligame.com/images/langrisser/thumb/4/42/jehi90x9mebcr9xdr9fnfrrsnkq4dtl.png/82px-%E5%A4%B4%E5%83%8F_%E6%A0%91%E4%B9%8B%E8%B4%A4%E8%80%85.png
斯科特,骑士统帅,3683,466,247,292,227,106,1000,150,30,90,90,20,https://patchwiki.biligame.com/images/langrisser/thumb/1/11/t97xyu7u2v268j6r8zq4a62comj09i2.png/82px-%E5%A4%B4%E5%83%8F_%E6%96%AF%E7%A7%91%E7%89%B9.png
索菲亚,先知,3152,305,431,242,408,77,1000,30,150,90,90,20,https://patchwiki.biligame.com/images/langrisser/thumb/5/5a/71vtjy29d1eqhk3jg4693qbgh19p6ib.png/82px-%E5%A4%B4%E5%83%8F_%E7%B4%A2%E8%8F%B2%E4%BA%9A.png
索菲亚,圣者,3305,305,466,261,398,77,1000,30,150,90,90,20,https://patchwiki.biligame.com/images/langrisser/thumb/5/5a/71vtjy29d1eqhk3jg4693qbgh19p6ib.png/82px-%E5%A4%B4%E5%83%8F_%E7%B4%A2%E8%8F%B2%E4%BA%9A.png
索尼娅,独角兽统帅,3523,386,380,292,286,118,1000,150,30,90,90,20,https://patchwiki.biligame.com/images/langrisser/thumb/3/3a/2ajmft8w9x3hgnpqgfof9djeqndw134.png/82px-%E5%A4%B4%E5%83%8F_%E7%B4%A2%E5%B0%BC%E5%A8%85.png
索尼娅,强袭统帅,3523,562,259,281,258,118,1000,150,30,90,90,20,https://patchwiki.biligame.com/images/langrisser/thumb/3/3a/2ajmft8w9x3hgnpqgfof9djeqndw134.png/82px-%E5%A4%B4%E5%83%8F_%E7%B4%A2%E5%B0%BC%E5%A8%85.png
塔布莉丝,凛空黯翼,4175,603,271,313,303,150,1000,150,30,90,90,20,https://patchwiki.biligame.com/images/langrisser/thumb/1/17/q6hka4dnibd1ybyzqr6sujkee08q1f7.png/82px-%E5%A4%B4%E5%83%8F_%E5%A1%94%E5%B8%83%E8%8E%89%E4%B8%9D.png
塔布莉丝,剑斗统帅,4354,571,271,335,270,150,1000,150,30,90,90,20,https://patchwiki.biligame.com/images/langrisser/thumb/1/17/q6hka4dnibd1ybyzqr6sujkee08q1f7.png/82px-%E5%A4%B4%E5%83%8F_%E5%A1%94%E5%B8%83%E8%8E%89%E4%B8%9D.png
塔塔利亚,恶欲裁罚,3901,566,249,304,260,299,1000,150,30,90,90,20,https://patchwiki.biligame.com/images/langrisser/thumb/4/45/4lkw6vewkmb7bxpauc3s3c6fp98evug.png/82px-%E5%A4%B4%E5%83%8F_%E5%A1%94%E5%A1%94%E5%88%A9%E4%BA%9A.png
塔塔利亚,希望之花,3595,566,249,304,291,256,1000,150,30,90,90,20,https://patchwiki.biligame.com/images/langrisser/thumb/4/45/4lkw6vewkmb7bxpauc3s3c6fp98evug.png/82px-%E5%A4%B4%E5%83%8F_%E5%A1%94%E5%A1%94%E5%88%A9%E4%BA%9A.png
泰兰提尔,不灭帝皇,5019,559,239,362,298,140,1000,150,30,90,90,20,https://patchwiki.biligame.com/images/langrisser/thumb/c/c0/grzxn6epahvu8rkv91r19r6yxqnw8pr.png/82px-%E5%A4%B4%E5%83%8F_%E6%B3%B0%E5%85%B0%E6%8F%90%E5%B0%94.png
泰兰提尔,终末之誓,4674,590,239,335,321,157,1000,150,30,90,90,20,https://patchwiki.biligame.com/images/langrisser/thumb/c/c0/grzxn6epahvu8rkv91r19r6yxqnw8pr.png/82px-%E5%A4%B4%E5%83%8F_%E6%B3%B0%E5%85%B0%E6%8F%90%E5%B0%94.png
缇雅娜,皇家卫士,4752,531,210,386,211,90,1000,150,30,90,90,20,https://patchwiki.biligame.com/images/langrisser/thumb/a/a8/ewwcr7616k31lz3lj0xbzgwgxh2u4dt.png/82px-%E5%A4%B4%E5%83%8F_%E7%BC%87%E9%9B%85%E5%A8%9C.png
缇雅娜,影锋暗将,4111,564,231,355,289,105,1000,150,30,90,90,20,https://patchwiki.biligame.com/images/langrisser/thumb/a/a8/ewwcr7616k31lz3lj0xbzgwgxh2u4dt.png/82px-%E5%A4%B4%E5%83%8F_%E7%BC%87%E9%9B%85%E5%A8%9C.png
铁血总帅,术法剑师,3998,267,585,299,313,172,1000,30,150,90,90,20,https://patchwiki.biligame.com/images/langrisser/thumb/a/ac/nrwwcppvbio8gm0zvpdr5zg7pgwv19g.png/82px-%E5%A4%B4%E5%83%8F_%E9%93%81%E8%A1%80%E6%80%BB%E5%B8%85.png
铁血总帅,方舟总帅,3695,295,585,265,324,172,1000,30,150,90,90,20,https://patchwiki.biligame.com/images/langrisser/thumb/a/ac/nrwwcppvbio8gm0zvpdr5zg7pgwv19g.png/82px-%E5%A4%B4%E5%83%8F_%E9%93%81%E8%A1%80%E6%80%BB%E5%B8%85.png
托米尔克,全视者,3644,256,566,255,364,96,1000,30,150,90,90,20,https://patchwiki.biligame.com/images/langrisser/thumb/0/00/rb0677v62w6shfnx67f941qvveudd5s.png/82px-%E5%A4%B4%E5%83%8F_%E6%89%98%E7%B1%B3%E5%B0%94%E5%85%8B.png
托米尔克,未世的祈颂,3334,256,566,275,341,96,1000,30,150,90,90,20,https://patchwiki.biligame.com/images/langrisser/thumb/0/00/rb0677v62w6shfnx67f941qvveudd5s.png/82px-%E5%A4%B4%E5%83%8F_%E6%89%98%E7%B1%B3%E5%B0%94%E5%85%8B.png
托娃,流浪剑客,4696,560,283,346,283,159,1000,150,30,90,90,20,https://patchwiki.biligame.com/images/langrisser/thumb/6/62/k9ly4qrifgwvc2qp5txxkmt1dvv2mkt.png/82px-%E5%A4%B4%E5%83%8F_%E6%89%98%E5%A8%83.png
托娃,圣天马星骑,4375,560,257,322,319,176,1000,150,30,90,90,20,https://patchwiki.biligame.com/images/langrisser/thumb/6/62/k9ly4qrifgwvc2qp5txxkmt1dvv2mkt.png/82px-%E5%A4%B4%E5%83%8F_%E6%89%98%E5%A8%83.png
威拉,军师,2844,312,545,228,303,80,1000,30,150,90,90,20,https://patchwiki.biligame.com/images/langrisser/thumb/5/56/p406ushde25xg7k98fpgyqanuxp81au.png/82px-%E5%A4%B4%E5%83%8F_%E5%A8%81%E6%8B%89.png
威拉,先知,2713,312,504,211,310,80,1000,30,150,90,90,20,https://patchwiki.biligame.com/images/langrisser/thumb/5/56/p406ushde25xg7k98fpgyqanuxp81au.png/82px-%E5%A4%B4%E5%83%8F_%E5%A8%81%E6%8B%89.png
薇莉娅,裁决之镰,3948,290,593,275,325,179,1000,30,150,90,90,20,https://patchwiki.biligame.com/images/langrisser/thumb/0/05/n7k0bzvnuj5x0ri7cym8fqcteyh59jb.png/82px-%E5%A4%B4%E5%83%8F_%E8%96%87%E8%8E%89%E5%A8%85.png
薇莉娅,咒法术师,3649,262,593,286,381,133,1000,30,150,90,90,20,https://patchwiki.biligame.com/images/langrisser/thumb/0/05/n7k0bzvnuj5x0ri7cym8fqcteyh59jb.png/82px-%E5%A4%B4%E5%83%8F_%E8%96%87%E8%8E%89%E5%A8%85.png
维尔纳,强袭斗将,4269,552,244,303,260,301,1000,150,30,90,90,20,https://patchwiki.biligame.com/images/langrisser/thumb/5/51/1obgn88h09k5r5ieacp5iugiryt6qdq.png/82px-%E5%A4%B4%E5%83%8F_%E7%BB%B4%E5%B0%94%E7%BA%B3.png
维尔纳,英雄,4572,583,244,339,280,181,1000,150,30,90,90,20,https://patchwiki.biligame.com/images/langrisser/thumb/5/51/1obgn88h09k5r5ieacp5iugiryt6qdq.png/82px-%E5%A4%B4%E5%83%8F_%E7%BB%B4%E5%B0%94%E7%BA%B3.png
维拉玖,海斗统帅,4155,614,259,310,252,150,1000,150,30,90,90,20,https://patchwiki.biligame.com/images/langrisser/thumb/0/0d/j64afmx35dvdqxfkc8ulipc0o9t8cw9.png/82px-%E5%A4%B4%E5%83%8F_%E7%BB%B4%E6%8B%89%E7%8E%96.png
维拉玖,剑士统帅,4472,582,285,334,271,150,1000,150,30,90,90,20,https://patchwiki.biligame.com/images/langrisser/thumb/0/0d/j64afmx35dvdqxfkc8ulipc0o9t8cw9.png/82px-%E5%A4%B4%E5%83%8F_%E7%BB%B4%E6%8B%89%E7%8E%96.png
维坦,魔翼斗将,4411,614,235,337,305,162,1000,150,30,90,90,20,https://patchwiki.biligame.com/images/langrisser/thumb/d/d6/6zr9khocak75ejhvc3fhgzvyj9xr05t.png/82px-%E5%A4%B4%E5%83%8F_%E7%BB%B4%E5%9D%A6.png
维坦,混沌代行者,5059,614,235,388,252,162,1000,150,30,90,90,20,https://patchwiki.biligame.com/images/langrisser/thumb/d/d6/6zr9khocak75ejhvc3fhgzvyj9xr05t.png/82px-%E5%A4%B4%E5%83%8F_%E7%BB%B4%E5%9D%A6.png
文森特,邪神之翼,4348,589,216,291,315,179,1000,150,30,90,90,20,https://patchwiki.biligame.com/images/langrisser/thumb/9/99/0id35hw8fs1ftx2wl4beoyl31qr2arn.png/82px-%E5%A4%B4%E5%83%8F_%E6%96%87%E6%A3%AE%E7%89%B9.png
文森特,翠晶统帅,4034,589,216,267,315,179,1000,150,30,90,90,20,https://patchwiki.biligame.com/images/langrisser/thumb/9/99/0id35hw8fs1ftx2wl4beoyl31qr2arn.png/82px-%E5%A4%B4%E5%83%8F_%E6%96%87%E6%A3%AE%E7%89%B9.png
沃尔纳,机械统帅,4311,572,233,288,241,122,1000,150,30,90,90,20,https://patchwiki.biligame.com/images/langrisser/thumb/f/f0/7hrt2yy8ungp6n5tvo0mogk620ulb3h.png/82px-%E5%A4%B4%E5%83%8F_%E6%B2%83%E5%B0%94%E7%BA%B3.png
沃尔纳,皇家骑士,4632,541,233,300,270,122,1000,150,30,90,90,20,https://patchwiki.biligame.com/images/langrisser/thumb/f/f0/7hrt2yy8ungp6n5tvo0mogk620ulb3h.png/82px-%E5%A4%B4%E5%83%8F_%E6%B2%83%E5%B0%94%E7%BA%B3.png
雾风,影,3747,527,244,267,244,290,1000,150,30,90,90,20,https://patchwiki.biligame.com/images/langrisser/thumb/6/61/l1pbjnbxrwrn7hspcb3pjum4dr60fks.png/82px-%E5%A4%B4%E5%83%8F_%E9%9B%BE%E9%A3%8E.png
雾风,剑圣,4027,585,244,277,263,250,1000,150,30,90,90,20,https://patchwiki.biligame.com/images/langrisser/thumb/6/61/l1pbjnbxrwrn7hspcb3pjum4dr60fks.png/82px-%E5%A4%B4%E5%83%8F_%E9%9B%BE%E9%A3%8E.png
雾香,圣印歌巫女,3608,570,249,246,316,224,1000,150,30,90,90,20,https://patchwiki.biligame.com/images/langrisser/thumb/d/d8/ij22canhnpvbu06emq96py22iv7waem.png/82px-%E5%A4%B4%E5%83%8F_%E9%9B%BE%E9%A6%99.png
雾香,龙翼弓奏者,3608,570,249,275,290,255,1000,150,30,90,90,20,https://patchwiki.biligame.com/images/langrisser/thumb/d/d8/ij22canhnpvbu06emq96py22iv7waem.png/82px-%E5%A4%B4%E5%83%8F_%E9%9B%BE%E9%A6%99.png
西格玛,超越者之刃,3609,600,244,263,254,259,1000,150,30,90,90,20,https://patchwiki.biligame.com/images/langrisser/thumb/d/db/0f696s3ltzvr4ey10h6u2d1zji3lquu.png/82px-%E5%A4%B4%E5%83%8F_%E8%A5%BF%E6%A0%BC%E7%8E%9B.png
西格玛,剑斗统帅,3419,593,244,270,260,185,1000,150,30,90,90,20,https://patchwiki.biligame.com/images/langrisser/thumb/d/db/0f696s3ltzvr4ey10h6u2d1zji3lquu.png/82px-%E5%A4%B4%E5%83%8F_%E8%A5%BF%E6%A0%BC%E7%8E%9B.png
西格玛,游侠,3262,564,244,250,315,233,1000,150,30,90,90,20,https://patchwiki.biligame.com/images/langrisser/thumb/d/db/0f696s3ltzvr4ey10h6u2d1zji3lquu.png/82px-%E5%A4%B4%E5%83%8F_%E8%A5%BF%E6%A0%BC%E7%8E%9B.png
希尔达,大元帅,5372,548,247,357,207,106,1000,150,30,90,90,20,https://patchwiki.biligame.com/images/langrisser/thumb/e/e8/ggn48kfmbu2zxqu67nyw9r52zfct68m.png/82px-%E5%A4%B4%E5%83%8F_%E5%B8%8C%E5%B0%94%E8%BE%BE.png
希尔达,皇家骑士,5057,577,247,311,260,118,1000,150,30,90,90,20,https://patchwiki.biligame.com/images/langrisser/thumb/e/e8/ggn48kfmbu2zxqu67nyw9r52zfct68m.png/82px-%E5%A4%B4%E5%83%8F_%E5%B8%8C%E5%B0%94%E8%BE%BE.png
希琳卡,破灭之翼,3676,537,294,263,319,224,1000,150,30,90,90,20,https://patchwiki.biligame.com/images/langrisser/thumb/1/12/eugcsd3erizkyd5k8l9165n9isvij84.png/82px-%E5%A4%B4%E5%83%8F_%E5%B8%8C%E7%90%B3%E5%8D%A1.png
希琳卡,剑圣,4456,595,294,295,283,253,1000,150,30,90,90,20,https://patchwiki.biligame.com/images/langrisser/thumb/1/12/eugcsd3erizkyd5k8l9165n9isvij84.png/82px-%E5%A4%B4%E5%83%8F_%E5%B8%8C%E7%90%B3%E5%8D%A1.png
席恩,暮影刺客,3913,544,235,305,265,295,1000,150,30,90,90,20,https://patchwiki.biligame.com/images/langrisser/thumb/1/1f/4nyd7r25p55jphjppkeps389wz9002u.png/82px-%E5%A4%B4%E5%83%8F_%E5%B8%AD%E6%81%A9.png
席恩,狙击猎兵,3612,544,235,275,324,225,1000,150,30,90,90,20,https://patchwiki.biligame.com/images/langrisser/thumb/1/1f/4nyd7r25p55jphjppkeps389wz9002u.png/82px-%E5%A4%B4%E5%83%8F_%E5%B8%AD%E6%81%A9.png
夏提雅,真祖,4686,600,233,353,248,154,1000,150,30,90,90,20,https://patchwiki.biligame.com/images/langrisser/thumb/0/02/cb4f61ko6yaufcbsgqhbxhc4z809ojn.png/82px-%E5%A4%B4%E5%83%8F_%E5%A4%8F%E6%8F%90%E9%9B%85.png
夏提雅,诅咒骑士,4686,569,233,331,214,154,1000,150,30,90,90,20,https://patchwiki.biligame.com/images/langrisser/thumb/0/02/cb4f61ko6yaufcbsgqhbxhc4z809ojn.png/82px-%E5%A4%B4%E5%83%8F_%E5%A4%8F%E6%8F%90%E9%9B%85.png
邪神库鲁加,裂心法师,3697,262,562,253,361,87,1000,30,150,90,90,20,https://patchwiki.biligame.com/images/langrisser/thumb/8/88/d86krxkwe8gidkx5d9cl6qni63bwnyr.png/82px-%E5%A4%B4%E5%83%8F_%E9%82%AA%E7%A5%9E%E5%BA%93%E9%B2%81%E5%8A%A0.png
邪神库鲁加,邪神,4170,262,591,272,361,113,1000,30,150,90,90,20,https://patchwiki.biligame.com/images/langrisser/thumb/8/88/d86krxkwe8gidkx5d9cl6qni63bwnyr.png/82px-%E5%A4%B4%E5%83%8F_%E9%82%AA%E7%A5%9E%E5%BA%93%E9%B2%81%E5%8A%A0.png
醒觉者,异维法皇,3986,256,609,259,369,99,1000,30,150,90,90,20,https://patchwiki.biligame.com/images/langrisser/thumb/e/e0/nfc3yk5zb8a2nolxum8h2385bf6m2m2.png/30px-%E6%97%B6%E7%A9%BA%E6%9E%A2%E7%BA%BD.png
醒觉者,渊狱召现者,4307,256,609,278,369,130,1000,30,150,90,90,20,https://patchwiki.biligame.com/images/langrisser/thumb/e/e0/nfc3yk5zb8a2nolxum8h2385bf6m2m2.png/30px-%E6%97%B6%E7%A9%BA%E6%9E%A2%E7%BA%BD.png
修杰特,大统帅,3806,535,240,273,250,306,1000,150,30,90,90,20,https://patchwiki.biligame.com/images/langrisser/thumb/d/d2/qksuwc5asoxqdqzk7oytwr2yobm8e57.png/82px-%E5%A4%B4%E5%83%8F_%E4%BF%AE%E6%9D%B0%E7%89%B9.png
修杰特,铳击统帅,4120,535,240,285,271,234,1000,150,30,90,90,20,https://patchwiki.biligame.com/images/langrisser/thumb/d/d2/qksuwc5asoxqdqzk7oytwr2yobm8e57.png/82px-%E5%A4%B4%E5%83%8F_%E4%BF%AE%E6%9D%B0%E7%89%B9.png
雪莉,公主/雪莉,4232,595,233,290,301,164,1000,150,30,90,90,20,https://patchwiki.biligame.com/images/langrisser/thumb/6/67/o3by2bvil0310bm8gk67ndtxq1rdi0t.png/82px-%E5%A4%B4%E5%83%8F_%E9%9B%AA%E8%8E%89.png
雪莉,龙骑统帅,3763,607,216,286,333,211,1000,150,30,90,90,20,https://patchwiki.biligame.com/images/langrisser/thumb/6/67/o3by2bvil0310bm8gk67ndtxq1rdi0t.png/82px-%E5%A4%B4%E5%83%8F_%E9%9B%AA%E8%8E%89.png
雪莉,大统帅,3763,547,237,275,278,314,1000,150,30,90,90,20,https://patchwiki.biligame.com/images/langrisser/thumb/6/67/o3by2bvil0310bm8gk67ndtxq1rdi0t.png/82px-%E5%A4%B4%E5%83%8F_%E9%9B%AA%E8%8E%89.png
雪露法妮尔,巫师,3347,256,537,228,426,99,1000,30,150,90,90,20,https://patchwiki.biligame.com/images/langrisser/thumb/9/9f/2wcpcc0rvn2crfvcl2k4a2o9ra3vlhl.png/82px-%E5%A4%B4%E5%83%8F_%E9%9B%AA%E9%9C%B2%E6%B3%95%E5%A6%AE%E5%B0%94.png
雪露法妮尔,王女,3347,307,537,228,402,99,1000,30,150,90,90,20,https://patchwiki.biligame.com/images/langrisser/thumb/9/9f/2wcpcc0rvn2crfvcl2k4a2o9ra3vlhl.png/82px-%E5%A4%B4%E5%83%8F_%E9%9B%AA%E9%9C%B2%E6%B3%95%E5%A6%AE%E5%B0%94.png
雅儿贝德,暗黑骑士,5140,506,265,419,255,96,1000,150,30,90,90,20,https://patchwiki.biligame.com/images/langrisser/thumb/2/2a/cq75bdomdk0gktom74y3dfstubk81ed.png/82px-%E5%A4%B4%E5%83%8F_%E9%9B%85%E5%84%BF%E8%B4%9D%E5%BE%B7.png
雅儿贝德,护卫之主,5140,479,265,409,255,96,1000,150,30,90,90,20,https://patchwiki.biligame.com/images/langrisser/thumb/2/2a/cq75bdomdk0gktom74y3dfstubk81ed.png/82px-%E5%A4%B4%E5%83%8F_%E9%9B%85%E5%84%BF%E8%B4%9D%E5%BE%B7.png
亚德凯摩,神使,3702,316,595,243,401,81,1000,30,150,90,90,20,https://patchwiki.biligame.com/images/langrisser/thumb/9/9c/oysuyuskptg5unorv6uf9u9l3ps9efs.png/82px-%E5%A4%B4%E5%83%8F_%E4%BA%9A%E5%BE%B7%E5%87%AF%E6%91%A9.png
亚德凯摩,禁忌预视者,3878,262,595,243,392,81,1000,30,150,90,90,20,https://patchwiki.biligame.com/images/langrisser/thumb/9/9c/oysuyuskptg5unorv6uf9u9l3ps9efs.png/82px-%E5%A4%B4%E5%83%8F_%E4%BA%9A%E5%BE%B7%E5%87%AF%E6%91%A9.png
亚尔缇娜,巫师,3025,244,532,247,362,83,1000,30,150,90,90,20,https://patchwiki.biligame.com/images/langrisser/thumb/6/63/l2z0qj5m5zmxzx6ifaybv84l9pdnsgr.png/82px-%E5%A4%B4%E5%83%8F_%E4%BA%9A%E5%B0%94%E7%BC%87%E5%A8%9C.png
亚尔缇娜,帝国密使,3170,270,532,247,340,97,1000,30,150,90,90,20,https://patchwiki.biligame.com/images/langrisser/thumb/6/63/l2z0qj5m5zmxzx6ifaybv84l9pdnsgr.png/82px-%E5%A4%B4%E5%83%8F_%E4%BA%9A%E5%B0%94%E7%BC%87%E5%A8%9C.png
亚莉希雅,侦察猎兵,3614,564,244,276,311,206,1000,150,30,90,90,20,https://patchwiki.biligame.com/images/langrisser/thumb/d/db/opty21sr0wv0zgsw6n5dafdlx7crxoo.png/82px-%E5%A4%B4%E5%83%8F_%E4%BA%9A%E8%8E%89%E5%B8%8C%E9%9B%85.png
亚莉希雅,突击猎兵,4227,564,244,315,275,206,1000,150,30,90,90,20,https://patchwiki.biligame.com/images/langrisser/thumb/d/db/opty21sr0wv0zgsw6n5dafdlx7crxoo.png/82px-%E5%A4%B4%E5%83%8F_%E4%BA%9A%E8%8E%89%E5%B8%8C%E9%9B%85.png
亚鲁特缪拉,天穹魔龙,4504,596,268,322,348,179,1000,150,30,90,90,20,https://patchwiki.biligame.com/images/langrisser/thumb/f/fb/gp45473yqzhxsrounr3318mdy2vi43u.png/82px-%E5%A4%B4%E5%83%8F_%E4%BA%9A%E9%B2%81%E7%89%B9%E7%BC%AA%E6%8B%89.png
亚鲁特缪拉,大元帅,4934,531,268,361,255,123,1000,150,30,90,90,20,https://patchwiki.biligame.com/images/langrisser/thumb/f/fb/gp45473yqzhxsrounr3318mdy2vi43u.png/82px-%E5%A4%B4%E5%83%8F_%E4%BA%9A%E9%B2%81%E7%89%B9%E7%BC%AA%E6%8B%89.png
亚鲁特缪拉,龙骑统帅,4314,588,268,312,348,179,1000,150,30,90,90,20,https://patchwiki.biligame.com/images/langrisser/thumb/f/fb/gp45473yqzhxsrounr3318mdy2vi43u.png/82px-%E5%A4%B4%E5%83%8F_%E4%BA%9A%E9%B2%81%E7%89%B9%E7%BC%AA%E6%8B%89.png
亚妮艾丝,圣者,3409,307,551,262,395,96,1000,30,150,90,90,20,https://patchwiki.biligame.com/images/langrisser/thumb/8/84/abefbpgpa0wp34hg43t766t8fdh9mmc.png/82px-%E5%A4%B4%E5%83%8F_%E4%BA%9A%E5%A6%AE%E8%89%BE%E4%B8%9D.png
亚妮艾丝,导力传人,3694,283,551,273,336,125,1000,30,150,90,90,20,https://patchwiki.biligame.com/images/langrisser/thumb/8/84/abefbpgpa0wp34hg43t766t8fdh9mmc.png/82px-%E5%A4%B4%E5%83%8F_%E4%BA%9A%E5%A6%AE%E8%89%BE%E4%B8%9D.png
亚莎梅尔,女王,3760,262,553,257,388,94,1000,30,150,90,90,20,https://patchwiki.biligame.com/images/langrisser/thumb/d/d2/aw49od7q7uzmxrx8vpy6rzryw8say5l.png/82px-%E5%A4%B4%E5%83%8F_%E4%BA%9A%E8%8E%8E%E6%A2%85%E5%B0%94.png
亚莎梅尔,战颂舞姬,3425,262,553,277,365,94,1000,30,150,90,90,20,https://patchwiki.biligame.com/images/langrisser/thumb/d/d2/aw49od7q7uzmxrx8vpy6rzryw8say5l.png/82px-%E5%A4%B4%E5%83%8F_%E4%BA%9A%E8%8E%8E%E6%A2%85%E5%B0%94.png
亚修拉姆,龙骑统帅,4139,601,247,291,331,166,1000,150,30,90,90,20,https://patchwiki.biligame.com/images/langrisser/thumb/3/33/a2xakgz752gdkjkobxj3jfkoyklcf9f.png/82px-%E5%A4%B4%E5%83%8F_%E4%BA%9A%E4%BF%AE%E6%8B%89%E5%A7%86.png
亚修拉姆,皇家骑士,4460,569,247,291,295,126,1000,150,30,90,90,20,https://patchwiki.biligame.com/images/langrisser/thumb/3/33/a2xakgz752gdkjkobxj3jfkoyklcf9f.png/82px-%E5%A4%B4%E5%83%8F_%E4%BA%9A%E4%BF%AE%E6%8B%89%E5%A7%86.png
燕,影,3891,533,240,250,257,336,1000,150,30,90,90,20,https://patchwiki.biligame.com/images/langrisser/thumb/9/9c/5tqhrzcev4qtj0to6afhvv9hsoawbco.png/82px-%E5%A4%B4%E5%83%8F_%E7%87%95.png
燕,游侠,3442,533,240,230,313,261,1000,150,30,90,90,20,https://patchwiki.biligame.com/images/langrisser/thumb/9/9c/5tqhrzcev4qtj0to6afhvv9hsoawbco.png/82px-%E5%A4%B4%E5%83%8F_%E7%87%95.png
伊莉丝,永夜之誓,4512,605,278,295,255,135,1000,150,30,90,90,20,https://patchwiki.biligame.com/images/langrisser/thumb/5/53/2j36xgdn3frpqdg3u7lssfn9v6ovqt4.png/82px-%E5%A4%B4%E5%83%8F_%E4%BC%8A%E8%8E%89%E4%B8%9D.png
伊莉丝,圣扉之钥,4824,574,278,318,275,121,1000,150,30,90,90,20,https://patchwiki.biligame.com/images/langrisser/thumb/5/53/2j36xgdn3frpqdg3u7lssfn9v6ovqt4.png/82px-%E5%A4%B4%E5%83%8F_%E4%BC%8A%E8%8E%89%E4%B8%9D.png
伊露希亚,皇家卫士,5372,448,247,403,212,88,1000,150,30,90,90,20,https://patchwiki.biligame.com/images/langrisser/thumb/4/4a/5r869hy08k89k1w6895ttp8x9dnybf6.png/82px-%E5%A4%B4%E5%83%8F_%E4%BC%8A%E9%9C%B2%E5%B8%8C%E4%BA%9A.png
伊露希亚,海骑统帅,4717,504,247,371,267,103,1000,150,30,90,90,20,https://patchwiki.biligame.com/images/langrisser/thumb/4/4a/5r869hy08k89k1w6895ttp8x9dnybf6.png/82px-%E5%A4%B4%E5%83%8F_%E4%BC%8A%E9%9C%B2%E5%B8%8C%E4%BA%9A.png
伊梅尔达,神使,3240,340,474,243,371,81,1000,30,150,90,90,20,https://patchwiki.biligame.com/images/langrisser/thumb/3/3f/k5943nmozb3ayldrpx6rxg6bb7cfprl.png/82px-%E5%A4%B4%E5%83%8F_%E4%BC%8A%E6%A2%85%E5%B0%94%E8%BE%BE.png
伊梅尔达,女王,3240,283,503,243,363,81,1000,30,150,90,90,20,https://patchwiki.biligame.com/images/langrisser/thumb/3/3f/k5943nmozb3ayldrpx6rxg6bb7cfprl.png/82px-%E5%A4%B4%E5%83%8F_%E4%BC%8A%E6%A2%85%E5%B0%94%E8%BE%BE.png
伊普西龙,剑斗统帅,3540,570,244,297,257,171,1000,150,30,90,90,20,https://patchwiki.biligame.com/images/langrisser/thumb/c/ce/jbwr37z34o7fduawh2teve2lh1wzny7.png/82px-%E5%A4%B4%E5%83%8F_%E4%BC%8A%E6%99%AE%E8%A5%BF%E9%BE%99.png
伊普西龙,终极素体,4139,600,244,309,276,251,1000,150,30,90,90,20,https://patchwiki.biligame.com/images/langrisser/thumb/c/ce/jbwr37z34o7fduawh2teve2lh1wzny7.png/82px-%E5%A4%B4%E5%83%8F_%E4%BC%8A%E6%99%AE%E8%A5%BF%E9%BE%99.png
伊莎拉,支援猎兵,3727,496,249,258,298,201,1000,150,30,90,90,20,https://patchwiki.biligame.com/images/langrisser/thumb/5/5f/94jalte5zuz7nha9p9jiuz2162vgx1b.png/82px-%E5%A4%B4%E5%83%8F_%E4%BC%8A%E8%8E%8E%E6%8B%89.png
伊莎拉,高级坦克兵,4537,523,226,288,265,131,1000,150,30,90,90,20,https://patchwiki.biligame.com/images/langrisser/thumb/5/5f/94jalte5zuz7nha9p9jiuz2162vgx1b.png/82px-%E5%A4%B4%E5%83%8F_%E4%BC%8A%E8%8E%8E%E6%8B%89.png
伊索尔德,佑世真龙,4431,588,256,321,285,196,1000,150,30,90,90,20,https://patchwiki.biligame.com/images/langrisser/thumb/7/70/qo8cgdiq3nxglw2yzyc6o4zzsqkjidm.png/82px-%E5%A4%B4%E5%83%8F_%E4%BC%8A%E7%B4%A2%E5%B0%94%E5%BE%B7.png
伊索尔德,守世逆刃,4764,588,256,348,285,176,1000,150,30,90,90,20,https://patchwiki.biligame.com/images/langrisser/thumb/7/70/qo8cgdiq3nxglw2yzyc6o4zzsqkjidm.png/82px-%E5%A4%B4%E5%83%8F_%E4%BC%8A%E7%B4%A2%E5%B0%94%E5%BE%B7.png
银狼,影,3597,516,233,252,258,306,1000,150,30,90,90,20,https://patchwiki.biligame.com/images/langrisser/thumb/7/7a/bv74fad4r9ln1sfrpoqfceucv22ppmp.png/82px-%E5%A4%B4%E5%83%8F_%E9%93%B6%E7%8B%BC.png
银狼,游侠,3199,516,233,234,316,239,1000,150,30,90,90,20,https://patchwiki.biligame.com/images/langrisser/thumb/7/7a/bv74fad4r9ln1sfrpoqfceucv22ppmp.png/82px-%E5%A4%B4%E5%83%8F_%E9%93%B6%E7%8B%BC.png
尤利娅,女神之刃,4615,267,571,313,323,175,1000,30,150,90,90,20,https://patchwiki.biligame.com/images/langrisser/thumb/9/94/l3qykeypso35adr3mo30df553y48hkt.png/82px-%E5%A4%B4%E5%83%8F_%E5%B0%A4%E5%88%A9%E5%A8%85.png
尤利娅,圣剑公主,4288,295,571,278,335,175,1000,30,150,90,90,20,https://patchwiki.biligame.com/images/langrisser/thumb/9/94/l3qykeypso35adr3mo30df553y48hkt.png/82px-%E5%A4%B4%E5%83%8F_%E5%B0%A4%E5%88%A9%E5%A8%85.png
尤弥尔,光暗主宰,4427,617,233,368,326,107,1000,150,30,90,90,20,https://patchwiki.biligame.com/images/langrisser/thumb/b/b0/pb7b1q7n5tciq9jtlck540lta3ewy8u.png/82px-%E5%A4%B4%E5%83%8F_%E5%B0%A4%E5%BC%A5%E5%B0%94.png
尤弥尔,命扉圣者,4743,586,256,340,350,120,1000,150,30,90,90,20,https://patchwiki.biligame.com/images/langrisser/thumb/b/b0/pb7b1q7n5tciq9jtlck540lta3ewy8u.png/82px-%E5%A4%B4%E5%83%8F_%E5%B0%A4%E5%BC%A5%E5%B0%94.png
羽柴当麻,天空神,3303,510,244,256,258,161,1000,150,30,90,90,20,https://patchwiki.biligame.com/images/langrisser/thumb/d/d7/gziaf6saex1qscnz6y8g09oxhzgnzrt.png/82px-%E5%A4%B4%E5%83%8F_%E7%BE%BD%E6%9F%B4%E5%BD%93%E9%BA%BB.png
羽柴当麻,天空之智,3156,510,244,227,311,205,1000,150,30,90,90,20,https://patchwiki.biligame.com/images/langrisser/thumb/d/d7/gziaf6saex1qscnz6y8g09oxhzgnzrt.png/82px-%E5%A4%B4%E5%83%8F_%E7%BE%BD%E6%9F%B4%E5%BD%93%E9%BA%BB.png
约修亚,漆黑之牙,3819,569,240,295,281,231,1000,150,30,90,90,20,https://patchwiki.biligame.com/images/langrisser/thumb/9/9c/8tilbzhla86bvko66tjeemwzgijgwch.png/82px-%E5%A4%B4%E5%83%8F_%E7%BA%A6%E4%BF%AE%E4%BA%9A.png
约修亚,影,3819,540,240,283,260,336,1000,150,30,90,90,20,https://patchwiki.biligame.com/images/langrisser/thumb/9/9c/8tilbzhla86bvko66tjeemwzgijgwch.png/82px-%E5%A4%B4%E5%83%8F_%E7%BA%A6%E4%BF%AE%E4%BA%9A.png
月之执政官,海斗统帅,4071,592,259,323,255,145,1000,150,30,90,90,20,https://patchwiki.biligame.com/images/langrisser/thumb/d/dc/kywg5vuzf15e5igncy5ngm1jomxq0f1.png/82px-%E5%A4%B4%E5%83%8F_%E6%9C%88%E4%B9%8B%E6%89%A7%E6%94%BF%E5%AE%98.png
月之执政官,执政官,4388,592,285,323,247,121,1000,150,30,90,90,20,https://patchwiki.biligame.com/images/langrisser/thumb/d/dc/kywg5vuzf15e5igncy5ngm1jomxq0f1.png/82px-%E5%A4%B4%E5%83%8F_%E6%9C%88%E4%B9%8B%E6%89%A7%E6%94%BF%E5%AE%98.png
泽瑞达,影,3723,534,240,288,281,331,1000,150,30,90,90,20,https://patchwiki.biligame.com/images/langrisser/thumb/f/f9/5xx4irnkudpr7lp4si7h5aa8pkel9ld.png/82px-%E5%A4%B4%E5%83%8F_%E6%B3%BD%E7%91%9E%E8%BE%BE.png
泽瑞达,混沌化身,4026,562,240,324,302,206,1000,150,30,90,90,20,https://patchwiki.biligame.com/images/langrisser/thumb/f/f9/5xx4irnkudpr7lp4si7h5aa8pkel9ld.png/82px-%E5%A4%B4%E5%83%8F_%E6%B3%BD%E7%91%9E%E8%BE%BE.png
战部渡,英雄,4273,564,258,351,283,154,1000,150,30,90,90,20,https://patchwiki.biligame.com/images/langrisser/thumb/2/2f/fkgna84mrn46o1lq0ekhfvz69bp1rqx.png/82px-%E5%A4%B4%E5%83%8F_%E6%88%98%E9%83%A8%E6%B8%A1.png
战部渡,龙王丸,4576,564,258,351,283,116,1000,150,30,90,90,20,https://patchwiki.biligame.com/images/langrisser/thumb/2/2f/fkgna84mrn46o1lq0ekhfvz69bp1rqx.png/82px-%E5%A4%B4%E5%83%8F_%E6%88%98%E9%83%A8%E6%B8%A1.png
真宫寺樱,光武·改,4487,578,257,307,266,144,1000,150,30,90,90,20,https://patchwiki.biligame.com/images/langrisser/thumb/9/9c/3r920v2vcpwvg62umc1j1fbrdrr9h5i.png/82px-%E5%A4%B4%E5%83%8F_%E7%9C%9F%E5%AE%AB%E5%AF%BA%E6%A8%B1.png
真宫寺樱,破邪剑征,4487,609,283,307,266,251,1000,150,30,90,90,20,https://patchwiki.biligame.com/images/langrisser/thumb/9/9c/3r920v2vcpwvg62umc1j1fbrdrr9h5i.png/82px-%E5%A4%B4%E5%83%8F_%E7%9C%9F%E5%AE%AB%E5%AF%BA%E6%A8%B1.png
真田辽,火焰神,4527,563,265,349,275,138,1000,150,30,90,90,20,https://patchwiki.biligame.com/images/langrisser/thumb/8/8b/20mw4rw34ie9rjien4dcz6caie5oat4.png/82px-%E5%A4%B4%E5%83%8F_%E7%9C%9F%E7%94%B0%E8%BE%BD.png
真田辽,烈火之仁,4842,563,265,323,309,115,1000,150,30,90,90,20,https://patchwiki.biligame.com/images/langrisser/thumb/8/8b/20mw4rw34ie9rjien4dcz6caie5oat4.png/82px-%E5%A4%B4%E5%83%8F_%E7%9C%9F%E7%94%B0%E8%BE%BD.png
志村新八,剑圣,4623,558,235,299,263,183,1000,150,30,90,90,20,https://patchwiki.biligame.com/images/langrisser/thumb/4/43/2uj7nwdbe4q1ofxujik48x0ksrcrnfj.png/82px-%E5%A4%B4%E5%83%8F_%E5%BF%97%E6%9D%91%E6%96%B0%E5%85%AB.png
志村新八,眼镜之主,4926,501,235,344,263,95,1000,150,30,90,90,20,https://patchwiki.biligame.com/images/langrisser/thumb/4/43/2uj7nwdbe4q1ofxujik48x0ksrcrnfj.png/82px-%E5%A4%B4%E5%83%8F_%E5%BF%97%E6%9D%91%E6%96%B0%E5%85%AB.png
朱利安,大统帅,4238,562,249,307,253,308,1000,150,30,90,90,20,https://patchwiki.biligame.com/images/langrisser/thumb/f/f7/jc8ap52eq5zgg061ahvqiq2ds7fkuqu.png/82px-%E5%A4%B4%E5%83%8F_%E6%9C%B1%E5%88%A9%E5%AE%89.png
朱利安,狙击猎兵,3910,562,249,276,309,234,1000,150,30,90,90,20,https://patchwiki.biligame.com/images/langrisser/thumb/f/f7/jc8ap52eq5zgg061ahvqiq2ds7fkuqu.png/82px-%E5%A4%B4%E5%83%8F_%E6%9C%B1%E5%88%A9%E5%AE%89.png
梓,灵宗首席,4232,567,283,317,343,141,1000,150,30,90,90,20,https://patchwiki.biligame.com/images/langrisser/thumb/c/c8/gchnygi7ihb0cwxhcx3nqhpo7nekoe0.png/82px-%E5%A4%B4%E5%83%8F_%E6%A2%93.png
梓,驱灵尊者,4577,539,283,341,343,141,1000,150,30,90,90,20,https://patchwiki.biligame.com/images/langrisser/thumb/c/c8/gchnygi7ihb0cwxhcx3nqhpo7nekoe0.png/82px-%E5%A4%B4%E5%83%8F_%E6%A2%93.png
